,MTGDATE,GBdate,Rate_change,Old_rate,gRGDPB1,gRGDPF0,gRGDPF1,gRGDPF2,gPGDPB1,gPGDPF0,gPGDPF1,gPGDPF2,UNEMPF0,gRGDPB1_change,gRGDPF0_change,gRGDPF1_change,gRGDPF2_change,gPGDPB1_change,gPGDPF0_change,gPGDPF1_change,gPGDPF2_change
0,1969-01-14,1969-01-08,0.0,6.4375,4.8,2.6,1.5,,3.9,3.7,3.4,,3.6,,,,,,,,
1,1969-02-04,1969-01-29,0.0,6.4375,3.8,2.3,1.5,1.4,3.9,3.7,3.4,4.2,3.6,-1.0,-0.30000000000000027,0.0,,0.0,0.0,0.0,
2,1969-03-04,1969-02-26,-0.125,6.75,3.4,2.4,1.8,1.2,4.1,3.7,3.4,4.3,3.5,-0.3999999999999999,0.10000000000000009,0.30000000000000004,-0.19999999999999996,0.19999999999999973,0.0,0.0,0.09999999999999964
3,1969-04-01,1969-03-26,0.5,6.75,3.4,2.7,2.6,1.9,4.1,4.1,3.9,4.8,3.3,0.0,0.30000000000000027,0.8,0.7,0.0,0.39999999999999947,0.5,0.5
4,1969-04-29,1969-04-23,0.25,7.6875,2.9,3.0,1.5,1.6,4.2,3.9,4.8,3.5,3.4,0.19999999999999973,0.3999999999999999,-0.3999999999999999,-1.1,0.10000000000000053,0.0,0.0,0.0
5,1969-05-27,1969-05-21,0.125,8.5,2.8,2.2,1.4,1.6,4.3,4.0,4.8,3.5,3.5,-0.10000000000000009,-0.7999999999999998,-0.10000000000000009,0.0,0.09999999999999964,0.10000000000000009,0.0,0.0
6,1969-06-24,1969-06-18,0.0,9.0,2.8,2.3,1.5,1.0,4.3,4.3,5.0,3.7,3.5,0.0,0.09999999999999964,0.10000000000000009,-0.6000000000000001,0.0,0.2999999999999998,0.20000000000000018,0.20000000000000018
7,1969-07-15,1969-07-09,0.125,9.0,2.6,1.5,1.0,-0.1,4.3,5.0,3.7,3.5,3.6,0.30000000000000027,0.0,0.0,,0.0,0.0,0.0,
8,1969-08-12,1969-08-06,0.25,9.5,2.4,1.5,1.1,-0.2,4.8,5.1,3.8,3.5,3.7,-0.20000000000000018,0.0,0.10000000000000009,-0.1,0.5,0.09999999999999964,0.09999999999999964,0.0
9,1969-09-09,1969-09-04,0.0,9.0,2.0,1.8,1.2,-0.4,5.1,5.1,3.8,3.5,3.7,-0.3999999999999999,0.30000000000000004,0.09999999999999987,-0.2,0.2999999999999998,0.0,0.0,0.0
10,1969-10-07,1969-10-01,0.0,9.125,2.1,1.3,-0.1,-0.3,5.2,3.8,3.5,3.2,3.9,0.30000000000000004,0.10000000000000009,0.30000000000000004,-0.19999999999999998,0.10000000000000053,0.0,0.0,0.0
11,1969-10-28,1969-10-22,0.0,9.125,2.0,1.2,-0.5,-0.4,5.5,3.9,3.6,3.3,4.0,-0.10000000000000009,-0.10000000000000009,-0.4,-0.10000000000000003,0.2999999999999998,0.10000000000000009,0.10000000000000009,0.09999999999999964
12,1969-11-25,1969-11-19,0.0,9.125,2.1,1.4,-0.5,0.0,5.6,3.9,3.6,3.3,4.0,0.10000000000000009,0.19999999999999996,0.0,0.4,0.09999999999999964,0.0,0.0,0.0
13,1969-12-16,1969-12-10,0.0,9.0,2.1,1.0,0.1,0.1,5.6,4.1,3.9,3.5,3.7,0.0,-0.3999999999999999,0.6,0.1,0.0,0.19999999999999973,0.2999999999999998,0.20000000000000018
14,1970-01-15,1970-01-07,-0.25,9.0,0.5,-0.5,0.0,1.8,4.2,3.9,3.7,4.6,4.0,-0.5,-0.6,-0.1,0.5,0.10000000000000053,0.0,0.20000000000000018,0.2999999999999998
15,1970-02-10,1970-02-04,-0.5,9.125,-0.1,-1.3,-0.2,1.5,4.4,4.2,4.0,3.7,4.2,-0.6,-0.8,-0.2,-0.30000000000000004,0.20000000000000018,0.30000000000000027,0.2999999999999998,-0.8999999999999995
16,1970-03-10,1970-03-04,-0.1875,8.3125,-0.4,-1.3,-0.5,1.7,4.5,4.2,4.0,3.7,4.2,-0.30000000000000004,0.0,-0.3,0.19999999999999996,0.09999999999999964,0.0,0.0,0.0
17,1970-04-07,1970-04-06,0.0,7.75,-1.5,0.8,3.1,3.3,4.2,5.9,2.9,3.6,4.4,-0.19999999999999996,1.3,1.4000000000000001,0.6999999999999997,0.0,1.9000000000000004,-0.8000000000000003,0.10000000000000009
18,1970-05-05,1970-04-29,0.125,8.25,-1.6,-0.2,3.9,3.4,5.0,6.4,3.0,3.7,4.6,-0.10000000000000009,-1.0,0.7999999999999998,0.10000000000000009,0.7999999999999998,0.5,0.10000000000000009,0.10000000000000009
19,1970-05-26,1970-05-20,0.0,8.0,-3.0,-0.2,2.6,2.8,6.2,4.5,4.2,3.7,4.9,-1.4,0.0,-1.2999999999999998,-0.6000000000000001,1.2000000000000002,-1.9000000000000004,1.2000000000000002,0.0
20,1970-06-23,1970-06-17,-0.25,7.875,-3.0,-0.4,1.8,2.6,6.2,4.5,4.0,3.5,5.0,0.0,-0.2,-0.8,-0.19999999999999973,0.0,0.0,-0.20000000000000018,-0.20000000000000018
21,1970-07-21,1970-07-15,-0.25,7.3125,0.3,1.6,2.5,3.0,4.5,4.0,3.5,3.2,5.1,0.7,-0.19999999999999996,-0.10000000000000009,0.20000000000000018,0.0,0.0,0.0,0.0
22,1970-08-18,1970-08-12,-0.5,6.75,0.3,1.6,2.7,3.2,4.2,4.0,3.5,4.1,5.1,0.0,0.0,0.20000000000000018,0.20000000000000018,-0.2999999999999998,0.0,0.0,0.8999999999999995
23,1970-09-15,1970-09-09,-0.1875,6.375,0.6,1.7,2.5,2.8,4.3,4.0,3.6,4.2,5.1,0.3,0.09999999999999987,-0.20000000000000018,-0.40000000000000036,0.09999999999999964,0.0,0.10000000000000009,0.10000000000000053
24,1970-10-20,1970-10-14,-0.125,6.25,1.4,1.5,3.8,2.9,4.4,3.6,4.3,3.0,5.6,-0.30000000000000004,-1.0,1.0,-0.8000000000000003,0.40000000000000036,0.0,0.09999999999999964,0.0
25,1970-11-17,1970-11-11,-0.625,5.75,1.4,-0.2,4.3,1.7,4.4,4.0,4.7,3.6,5.7,0.0,-1.7,0.5,-1.2,0.0,0.3999999999999999,0.40000000000000036,0.6000000000000001
26,1970-12-15,1970-12-09,-0.375,5.125,1.4,-2.0,5.8,2.7,4.6,4.2,4.9,3.8,5.7,0.0,-1.8,1.5,1.0000000000000002,0.1999999999999993,0.20000000000000018,0.20000000000000018,0.19999999999999973
27,1971-01-12,1971-01-06,-0.5,4.5,-2.6,7.0,2.2,2.7,4.8,4.6,3.9,3.6,6.0,-0.6000000000000001,1.2000000000000002,-0.5,0.10000000000000009,0.5999999999999996,-0.3000000000000007,0.10000000000000009,0.0
28,1971-02-09,1971-02-09,-0.125,3.75,-3.3,6.1,3.7,1.5,5.7,4.5,3.9,3.8,6.1,-0.6999999999999997,-0.9000000000000004,1.5,-1.2000000000000002,0.9000000000000004,-0.09999999999999964,0.0,0.19999999999999973
29,1971-03-09,1971-03-03,0.125,3.5,-3.9,7.2,3.6,1.6,5.9,4.5,3.9,3.8,6.0,-0.6000000000000001,1.1000000000000005,-0.10000000000000009,0.10000000000000009,0.20000000000000018,0.0,0.0,0.0
30,1971-04-06,1971-03-31,0.375,3.75,-3.9,6.4,2.7,2.6,5.9,4.7,4.0,4.7,6.0,0.0,-0.7999999999999998,-0.8999999999999999,1.0,0.0,0.20000000000000018,0.10000000000000009,0.9000000000000004
31,1971-05-11,1971-04-28,0.25,4.25,6.5,3.1,2.4,6.0,5.2,4.3,4.9,3.8,6.2,0.09999999999999964,0.3999999999999999,-0.20000000000000018,0.0,0.5,0.2999999999999998,0.20000000000000018,0.19999999999999973
32,1971-06-08,1971-06-02,0.375,4.75,7.1,2.9,2.1,5.3,5.6,4.7,4.9,3.9,6.2,0.5999999999999996,-0.20000000000000018,-0.2999999999999998,-0.7000000000000002,0.39999999999999947,0.40000000000000036,0.0,0.10000000000000009
33,1971-06-29,1971-06-23,0.25,5.125,7.1,3.2,2.5,4.0,5.6,4.6,5.5,4.4,6.2,0.0,0.30000000000000027,0.3999999999999999,-1.2999999999999998,0.0,-0.10000000000000053,0.5999999999999996,0.5000000000000004
34,1971-07-27,1971-07-21,0.125,5.5,3.6,2.7,5.0,5.1,4.2,4.5,5.3,5.1,6.2,0.3999999999999999,0.20000000000000018,1.0,0.2999999999999998,-0.39999999999999947,-1.0,0.8999999999999995,0.0
35,1971-08-24,1971-08-20,0.0,5.625,4.0,3.1,6.6,,4.1,3.8,3.0,,6.1,0.3999999999999999,0.3999999999999999,1.5999999999999996,,-0.10000000000000053,-0.7000000000000002,-2.3,
36,1971-09-21,1971-09-15,-0.25,5.5,4.8,2.1,6.4,7.3,4.0,4.1,2.2,3.9,6.1,0.7999999999999998,-1.0,-0.1999999999999993,,-0.09999999999999964,0.2999999999999998,-0.7999999999999998,
37,1971-10-19,1971-10-13,-0.125,5.1875,1.7,7.1,7.9,7.1,3.9,2.5,3.5,2.5,5.9,-0.40000000000000013,0.6999999999999993,0.6000000000000005,-0.40000000000000036,-0.19999999999999973,0.2999999999999998,-0.3999999999999999,0.8999999999999999
38,1971-11-16,1971-11-10,-0.375,4.75,2.9,5.8,6.3,6.6,3.3,2.4,4.0,3.1,5.8,1.2,-1.2999999999999998,-1.6000000000000005,-0.5,-0.6000000000000001,-0.10000000000000009,0.5,0.6000000000000001
39,1971-12-14,1971-12-08,-0.625,4.375,3.9,5.9,6.8,6.6,3.3,2.4,4.0,3.1,5.9,1.0,0.10000000000000053,0.5,0.0,0.0,0.0,0.0,0.0
40,1972-01-11,1972-01-07,-0.3125,3.625,5.7,5.8,6.6,6.9,1.5,5.2,3.1,2.9,5.9,-0.20000000000000018,-1.0,0.0,0.8000000000000007,-0.8999999999999999,1.2000000000000002,0.0,-0.7000000000000002
41,1972-02-15,1972-02-09,0.0,3.25,6.1,5.9,6.5,6.1,1.5,5.2,3.1,2.9,5.8,0.39999999999999947,0.10000000000000053,-0.09999999999999964,-0.8000000000000007,0.0,0.0,0.0,0.0
42,1972-03-21,1972-03-15,0.3125,3.9375,5.8,5.9,6.3,6.5,1.7,5.6,3.4,2.8,5.8,-0.2999999999999998,0.0,-0.20000000000000018,0.40000000000000036,0.19999999999999996,0.39999999999999947,0.2999999999999998,-0.10000000000000009
43,1972-04-18,1972-04-12,0.125,4.25,5.6,6.2,7.4,6.9,5.5,3.5,3.2,3.0,5.7,-0.3000000000000007,-0.09999999999999964,0.9000000000000004,0.20000000000000018,-0.09999999999999964,0.10000000000000009,0.40000000000000036,0.20000000000000018
44,1972-05-23,1972-05-17,0.3125,4.25,5.6,6.9,7.9,7.8,6.0,4.0,3.4,3.4,5.7,0.0,0.7000000000000002,0.5,0.8999999999999995,0.5,0.5,0.19999999999999973,0.3999999999999999
45,1972-06-20,1972-06-14,0.125,4.4375,5.6,6.4,7.7,7.5,6.0,4.0,3.4,3.4,5.8,0.0,-0.5,-0.20000000000000018,-0.2999999999999998,0.0,0.0,0.0,0.0
46,1972-07-18,1972-07-12,0.0,4.625,7.8,6.5,7.7,6.3,2.7,3.2,3.2,4.1,5.6,1.3999999999999995,-1.2000000000000002,0.20000000000000018,,-1.2999999999999998,-0.19999999999999973,-0.19999999999999973,
47,1972-08-15,1972-08-09,0.125,4.75,8.9,6.2,7.5,6.5,2.1,3.3,2.9,3.8,5.5,1.1000000000000005,-0.2999999999999998,-0.20000000000000018,0.20000000000000018,-0.6000000000000001,0.09999999999999964,-0.30000000000000027,-0.2999999999999998
48,1972-09-19,1972-09-13,0.1875,5.0,9.4,6.0,7.9,7.0,1.8,3.3,2.9,3.9,5.5,0.5,-0.20000000000000018,0.40000000000000036,0.5,-0.30000000000000004,0.0,0.0,0.10000000000000009
49,1972-10-17,1972-10-11,0.125,5.0625,6.0,8.1,7.1,5.6,2.5,2.7,3.7,3.5,5.4,0.0,0.1999999999999993,0.09999999999999964,-0.3000000000000007,-0.7999999999999998,-0.19999999999999973,-0.19999999999999973,0.10000000000000009
50,1972-11-21,1972-11-15,0.125,5.0625,5.9,7.5,6.6,5.7,2.2,3.0,4.1,3.5,5.4,-0.09999999999999964,-0.5999999999999996,-0.5,0.10000000000000053,-0.2999999999999998,0.2999999999999998,0.39999999999999947,0.0
51,1972-12-19,1972-12-13,0.25,5.375,6.3,7.6,6.8,5.9,2.4,2.8,4.2,3.5,5.3,0.39999999999999947,0.09999999999999964,0.20000000000000018,0.20000000000000018,0.19999999999999973,-0.20000000000000018,0.10000000000000053,0.0
52,1973-01-16,1973-01-10,0.5,5.75,8.7,6.8,6.2,5.4,2.3,4.2,3.6,3.8,5.1,1.0999999999999996,0.0,0.2999999999999998,1.0,-0.5,0.0,0.10000000000000009,0.0
53,1973-02-13,1973-02-07,0.3125,6.375,8.5,6.5,6.0,4.8,2.7,4.9,4.1,4.0,5.0,-0.1999999999999993,-0.2999999999999998,-0.20000000000000018,-0.6000000000000005,0.40000000000000036,0.7000000000000002,0.49999999999999956,0.20000000000000018
54,1973-03-20,1973-03-14,0.125,7.0,8.0,6.5,6.2,4.8,2.8,5.7,3.9,4.2,5.0,-0.5,0.0,0.20000000000000018,0.0,0.09999999999999964,0.7999999999999998,-0.19999999999999973,0.20000000000000018
55,1973-04-17,1973-04-11,0.1875,7.0,7.0,6.1,4.8,3.8,6.3,4.4,4.3,4.5,4.9,0.5,-0.10000000000000053,0.0,-0.10000000000000009,0.5999999999999996,0.5000000000000004,0.09999999999999964,0.0
56,1973-05-15,1973-05-09,0.5,7.5,7.9,6.0,4.8,3.9,6.0,5.1,4.4,4.7,4.9,0.9000000000000004,-0.09999999999999964,0.0,0.10000000000000009,-0.2999999999999998,0.6999999999999993,0.10000000000000053,0.20000000000000018
57,1973-06-19,1973-06-18,0.5,8.5,8.0,5.7,4.3,3.5,6.6,6.0,4.5,4.7,5.0,0.09999999999999964,-0.2999999999999998,-0.5,-0.3999999999999999,0.5999999999999996,0.9000000000000004,0.09999999999999964,0.0
58,1973-07-17,1973-07-11,0.25,9.75,4.7,4.4,3.3,1.5,6.1,3.6,5.3,6.2,4.7,-1.0,0.10000000000000053,-0.20000000000000018,-0.3999999999999999,0.09999999999999964,-0.8999999999999999,0.5999999999999996,0.6000000000000005
59,1973-08-21,1973-08-15,0.25,10.5,2.6,3.6,2.6,1.6,6.8,6.0,6.6,6.1,4.7,-2.1,-0.8000000000000003,-0.6999999999999997,0.10000000000000009,0.7000000000000002,2.4,1.2999999999999998,-0.10000000000000053
60,1973-09-18,1973-09-12,-0.375,10.75,2.4,4.0,3.0,2.2,7.3,6.4,6.8,5.7,4.7,-0.20000000000000018,0.3999999999999999,0.3999999999999999,0.6000000000000001,0.5,0.40000000000000036,0.20000000000000018,-0.39999999999999947
61,1973-10-16,1973-10-10,-0.75,10.5,3.7,3.5,2.5,2.3,6.6,6.4,5.7,5.1,4.7,-0.2999999999999998,0.5,0.2999999999999998,0.4999999999999998,0.1999999999999993,-0.39999999999999947,0.0,0.09999999999999964
62,1973-11-20,1973-11-14,0.0,10.125,3.5,3.8,3.0,2.5,6.4,6.1,6.0,5.3,4.6,-0.20000000000000018,0.2999999999999998,0.5,0.20000000000000018,-0.1999999999999993,-0.3000000000000007,0.2999999999999998,0.20000000000000018
63,1973-12-18,1973-12-12,-0.625,10.25,3.4,2.0,-0.8,-1.2,7.0,7.0,7.1,6.2,4.7,-0.10000000000000009,-1.7999999999999998,-3.8,-3.7,0.5999999999999996,0.9000000000000004,1.0999999999999996,0.9000000000000004
64,1974-01-22,1974-01-16,-0.375,9.75,1.0,-1.3,-0.7,1.3,7.8,8.1,6.9,5.5,5.2,-1.0,-0.5,0.5,0.10000000000000009,0.7999999999999998,1.0,0.7000000000000002,0.5
65,1974-02-20,1974-02-13,-0.125,9.0,1.3,-3.0,-0.7,1.3,7.9,8.1,7.0,5.8,5.4,0.30000000000000004,-1.7,0.0,0.0,0.10000000000000053,0.0,0.09999999999999964,0.2999999999999998
66,1974-03-19,1974-03-13,0.6875,9.1875,1.6,-3.4,-1.5,1.9,8.8,8.4,7.3,5.8,5.3,0.30000000000000004,-0.3999999999999999,-0.8,0.5999999999999999,0.9000000000000004,0.3000000000000007,0.2999999999999998,0.0
67,1974-04-16,1974-04-10,0.625,9.875,-4.2,-0.3,2.9,3.5,9.3,7.8,6.2,6.7,5.5,-0.8000000000000003,1.2,1.0,0.0,0.9000000000000004,0.5,0.40000000000000036,0.5
68,1974-05-21,1974-05-15,0.375,11.0,-5.8,-0.4,2.4,3.0,10.8,9.0,7.0,7.3,5.2,-1.5999999999999996,-0.10000000000000003,-0.5,-0.5,1.5,1.2000000000000002,0.7999999999999998,0.5999999999999996
69,1974-06-18,1974-06-12,0.25,11.625,-6.3,-0.5,1.3,2.2,11.5,9.0,7.5,7.5,5.2,-0.5,-0.09999999999999998,-1.0999999999999999,-0.7999999999999998,0.6999999999999993,0.0,0.5,0.20000000000000018
70,1974-07-16,1974-07-10,-0.5,12.75,-0.8,0.2,1.3,0.8,7.9,8.5,8.1,6.7,5.5,-0.30000000000000004,-1.1,-0.9000000000000001,-0.8,-1.0999999999999996,1.0,0.5999999999999996,0.6000000000000005
71,1974-08-20,1974-08-14,-0.375,12.25,-1.2,-0.4,-1.2,-1.6,8.8,9.7,8.8,7.4,5.5,-0.3999999999999999,-0.6000000000000001,-2.5,-2.4000000000000004,0.9000000000000004,1.1999999999999993,0.7000000000000011,0.7000000000000002
72,1974-09-10,1974-09-04,-0.625,11.75,-0.8,-0.7,-1.7,-2.0,9.6,10.5,8.9,8.4,5.5,0.3999999999999999,-0.29999999999999993,-0.5,-0.3999999999999999,0.7999999999999989,0.8000000000000007,0.09999999999999964,1.0
73,1974-10-15,1974-10-09,-0.8125,10.4375,-2.0,-3.1,-2.7,-1.0,10.1,10.6,8.4,7.6,6.1,-1.3,-1.4000000000000001,-0.7000000000000002,-0.4,-0.40000000000000036,1.6999999999999993,0.0,0.39999999999999947
74,1974-11-19,1974-11-13,-0.25,9.5,-2.9,-5.5,-2.5,-1.9,11.5,12.3,8.7,8.0,6.4,-0.8999999999999999,-2.4,0.20000000000000018,-0.8999999999999999,1.4000000000000004,1.700000000000001,0.29999999999999893,0.40000000000000036
75,1974-12-17,1974-12-11,-0.625,8.875,-2.1,-6.5,-4.0,-3.0,11.8,11.9,8.4,7.8,6.5,0.7999999999999998,-1.0,-1.5,-1.1,0.3000000000000007,-0.40000000000000036,-0.29999999999999893,-0.20000000000000018
76,1975-01-21,1975-01-15,-0.5625,7.25,-9.0,-5.2,-2.1,3.6,12.3,8.2,7.2,6.9,7.6,-2.5,-1.2000000000000002,0.8999999999999999,2.6,0.40000000000000036,-0.20000000000000107,-0.5999999999999996,-0.8999999999999995
77,1975-02-19,1975-02-12,-0.5,6.25,-9.1,-10.5,-3.6,5.1,13.7,7.3,6.5,6.5,8.5,-0.09999999999999964,-5.3,-1.5,1.4999999999999996,1.3999999999999986,-0.8999999999999995,-0.7000000000000002,-0.40000000000000036
78,1975-03-18,1975-03-12,-0.5,5.75,-9.1,-10.9,-3.7,4.9,14.4,7.2,6.5,5.5,8.4,0.0,-0.40000000000000036,-0.10000000000000009,-0.1999999999999993,0.7000000000000011,-0.09999999999999964,0.0,-1.0
79,1975-04-15,1975-04-09,-0.125,5.5,-11.2,-0.7,6.5,6.8,7.9,6.5,5.5,5.9,9.1,-0.29999999999999893,3.0,1.5999999999999996,-0.10000000000000053,0.7000000000000002,0.0,0.0,0.0
80,1975-05-20,1975-05-14,0.0,5.125,-10.4,-1.2,4.6,5.7,8.0,7.0,5.8,6.0,9.2,0.7999999999999989,-0.5,-1.9000000000000004,-1.0999999999999996,0.09999999999999964,0.5,0.2999999999999998,0.09999999999999964
81,1975-06-17,1975-06-11,0.375,5.25,-11.3,0.3,5.4,5.7,8.5,7.2,6.4,6.7,9.2,-0.9000000000000004,1.5,0.8000000000000007,0.0,0.5,0.20000000000000018,0.6000000000000005,0.7000000000000002
82,1975-07-15,1975-07-09,0.125,6.0,0.0,6.1,6.0,5.8,6.4,6.9,6.6,5.3,9.0,-0.3,0.6999999999999993,0.2999999999999998,0.20000000000000018,-0.7999999999999998,0.5,-0.10000000000000053,-0.10000000000000053
83,1975-08-19,1975-08-13,0.0,6.1875,-0.3,7.0,8.5,6.2,5.1,7.5,8.1,7.8,8.6,-0.3,0.9000000000000004,2.5,0.40000000000000036,-1.3000000000000007,0.5999999999999996,1.5,2.5
84,1975-09-16,1975-09-10,0.25,6.125,1.6,7.9,7.8,6.1,5.0,7.4,8.1,7.8,8.4,1.9000000000000001,0.9000000000000004,-0.7000000000000002,-0.10000000000000053,-0.09999999999999964,-0.09999999999999964,0.0,0.0
85,1975-10-21,1975-10-15,-0.25,5.75,10.8,7.6,5.3,5.1,4.9,7.3,5.6,5.1,8.1,2.9000000000000004,-0.20000000000000018,-0.7999999999999998,-0.3000000000000007,-2.5,-0.7999999999999998,-2.2,-0.7000000000000002
86,1975-11-18,1975-11-12,-0.25,5.25,11.2,7.4,5.0,5.0,5.0,6.6,5.3,5.2,8.3,0.3999999999999986,-0.1999999999999993,-0.2999999999999998,-0.09999999999999964,0.09999999999999964,-0.7000000000000002,-0.2999999999999998,0.10000000000000053
87,1975-12-16,1975-12-10,0.0,5.25,13.2,5.0,4.8,4.8,4.7,7.3,5.0,5.2,8.4,2.0,-2.4000000000000004,-0.20000000000000018,-0.20000000000000018,-0.2999999999999998,0.7000000000000002,-0.2999999999999998,0.0
88,1976-01-20,1976-01-14,0.0,4.75,6.2,4.5,4.5,4.3,6.6,5.0,5.6,5.7,8.2,1.2000000000000002,-0.2999999999999998,-0.2999999999999998,-0.2999999999999998,-0.7000000000000002,0.0,0.39999999999999947,0.5
89,1976-02-18,1976-02-11,0.0,4.75,5.4,6.5,5.5,5.0,6.4,5.0,5.6,5.9,7.9,-0.7999999999999998,2.0,1.0,0.7000000000000002,-0.1999999999999993,0.0,0.0,0.20000000000000018
90,1976-03-16,1976-03-10,0.0,4.75,4.9,6.6,5.2,5.3,6.8,4.7,5.5,5.8,7.6,-0.5,0.09999999999999964,-0.2999999999999998,0.2999999999999998,0.39999999999999947,-0.2999999999999998,-0.09999999999999964,-0.10000000000000053
91,1976-04-20,1976-04-14,0.125,4.75,5.5,5.2,5.3,5.0,3.1,5.4,5.4,5.9,7.3,-1.0999999999999996,0.0,0.0,-0.2999999999999998,-1.6,-0.09999999999999964,-0.39999999999999947,-0.39999999999999947
92,1976-05-18,1976-05-12,0.25,5.125,7.5,6.7,5.5,5.2,3.7,5.3,5.9,5.9,7.4,2.0,1.5,0.20000000000000018,0.20000000000000018,0.6000000000000001,-0.10000000000000053,0.5,0.0
93,1976-06-22,1976-06-16,0.0,5.5,8.5,5.7,5.3,5.0,3.5,4.8,5.7,6.3,7.3,1.0,-1.0,-0.20000000000000018,-0.20000000000000018,-0.20000000000000018,-0.5,-0.20000000000000018,0.39999999999999947
94,1976-07-20,1976-07-14,0.0,5.25,5.0,5.4,5.2,5.1,5.0,5.3,6.0,5.4,7.3,-0.7000000000000002,0.10000000000000053,0.20000000000000018,0.09999999999999964,0.20000000000000018,-0.40000000000000036,-0.2999999999999998,-0.1999999999999993
95,1976-08-17,1976-08-11,0.0,5.25,4.4,5.3,5.4,5.0,4.7,5.5,6.0,5.6,7.6,-0.5999999999999996,-0.10000000000000053,0.20000000000000018,-0.09999999999999964,-0.2999999999999998,0.20000000000000018,0.0,0.1999999999999993
96,1976-09-21,1976-09-15,0.0,5.25,4.3,4.0,5.7,5.4,5.1,5.1,6.2,5.6,7.8,-0.10000000000000053,-1.2999999999999998,0.2999999999999998,0.40000000000000036,0.39999999999999947,-0.40000000000000036,0.20000000000000018,0.0
97,1976-10-19,1976-10-13,-0.125,5.0,3.3,5.1,5.0,4.8,5.1,6.2,5.7,4.7,7.5,-0.7000000000000002,-0.6000000000000005,-0.40000000000000036,-0.40000000000000036,0.0,0.0,0.10000000000000053,-0.2999999999999998
98,1976-11-16,1976-11-10,-0.25,5.0,4.0,3.3,4.4,4.4,4.4,6.1,6.2,5.0,7.7,0.7000000000000002,-1.7999999999999998,-0.5999999999999996,-0.39999999999999947,-0.6999999999999993,-0.10000000000000053,0.5,0.2999999999999998
99,1976-12-21,1976-12-15,-0.0625,4.6875,3.8,3.5,4.8,5.1,4.2,5.9,6.2,5.1,8.0,-0.20000000000000018,0.20000000000000018,0.39999999999999947,0.6999999999999993,-0.20000000000000018,-0.1999999999999993,0.0,0.09999999999999964
100,1977-01-18,1977-01-12,0.0625,4.625,2.8,5.0,6.5,6.1,5.8,5.8,5.0,5.4,7.9,-0.7000000000000002,0.20000000000000018,1.4000000000000004,0.1999999999999993,-0.10000000000000053,-0.40000000000000036,-0.09999999999999964,-0.1999999999999993
101,1977-02-15,1977-02-09,0.0,4.6875,3.0,3.8,7.8,6.0,6.2,5.2,5.8,5.5,7.7,0.20000000000000018,-1.2000000000000002,1.2999999999999998,-0.09999999999999964,0.40000000000000036,-0.5999999999999996,0.7999999999999998,0.09999999999999964
102,1977-03-15,1977-03-09,0.0,4.6875,2.4,4.5,7.9,6.3,5.7,5.9,5.8,5.6,7.4,-0.6000000000000001,0.7000000000000002,0.10000000000000053,0.2999999999999998,-0.5,0.7000000000000002,0.0,0.09999999999999964
103,1977-04-19,1977-04-13,0.125,4.6875,4.8,7.2,6.4,5.9,6.3,6.1,5.7,6.6,7.1,0.2999999999999998,-0.7000000000000002,0.10000000000000053,-0.1999999999999993,0.39999999999999947,0.2999999999999998,0.10000000000000053,0.09999999999999964
104,1977-05-17,1977-05-11,0.125,5.25,5.2,7.0,5.6,6.1,5.8,6.5,5.9,6.3,6.9,0.40000000000000036,-0.20000000000000018,-0.8000000000000007,0.1999999999999993,-0.5,0.40000000000000036,0.20000000000000018,-0.2999999999999998
105,1977-06-21,1977-06-15,0.0,5.375,6.4,6.6,5.6,5.5,5.5,7.2,6.4,6.5,6.9,1.2000000000000002,-0.40000000000000036,0.0,-0.5999999999999996,-0.2999999999999998,0.7000000000000002,0.5,0.20000000000000018
106,1977-07-19,1977-07-13,0.0,5.375,6.7,5.5,5.6,5.4,7.5,6.4,6.7,6.1,6.9,0.10000000000000053,-0.09999999999999964,0.09999999999999964,-0.09999999999999964,0.2999999999999998,0.0,0.20000000000000018,0.0
107,1977-08-16,1977-08-10,0.125,5.875,6.4,5.3,5.6,5.4,6.6,6.4,6.5,6.0,6.8,-0.2999999999999998,-0.20000000000000018,0.0,0.0,-0.9000000000000004,0.0,-0.20000000000000018,-0.09999999999999964
108,1977-09-20,1977-09-14,0.125,6.125,6.1,4.4,5.1,5.0,7.1,5.6,6.5,6.3,7.1,-0.3000000000000007,-0.8999999999999995,-0.5,-0.40000000000000036,0.5,-0.8000000000000007,0.0,0.2999999999999998
109,1977-10-18,1977-10-12,0.0,6.5,3.8,5.2,4.8,4.7,5.2,6.8,6.3,6.2,6.9,-0.6000000000000005,0.10000000000000053,-0.20000000000000018,-0.09999999999999964,-0.39999999999999947,0.2999999999999998,0.0,0.40000000000000036
110,1977-11-15,1977-11-09,0.0,6.5,3.8,5.0,4.7,4.5,5.1,6.8,6.4,6.1,6.9,0.0,-0.20000000000000018,-0.09999999999999964,-0.20000000000000018,-0.10000000000000053,0.0,0.10000000000000053,-0.10000000000000053
111,1977-12-20,1977-12-14,0.0,6.5,4.7,5.1,4.6,4.4,5.0,6.9,6.3,6.4,6.9,0.9000000000000004,0.09999999999999964,-0.10000000000000053,-0.09999999999999964,-0.09999999999999964,0.10000000000000053,-0.10000000000000053,0.3000000000000007
112,1978-01-17,1978-01-11,0.0,6.75,4.5,5.4,4.5,4.4,6.7,6.8,6.2,6.2,6.5,-0.5999999999999996,0.8000000000000007,0.09999999999999964,0.3000000000000007,-0.20000000000000018,0.5,-0.20000000000000018,0.20000000000000018
113,1978-02-28,1978-02-22,0.0,6.75,4.0,4.4,4.6,4.2,6.1,7.1,6.1,5.9,6.3,-0.5,-1.0,0.09999999999999964,-0.20000000000000018,-0.6000000000000005,0.2999999999999998,-0.10000000000000053,-0.2999999999999998
114,1978-03-21,1978-03-15,0.0,6.75,4.0,3.4,5.0,4.5,6.1,7.5,6.3,5.9,6.2,0.0,-1.0000000000000004,0.40000000000000036,0.2999999999999998,0.0,0.40000000000000036,0.20000000000000018,0.0
115,1978-04-18,1978-04-12,0.25,6.75,1.4,6.7,4.4,4.6,7.2,7.4,6.7,7.1,6.0,-2.0,1.7000000000000002,-0.09999999999999964,-0.20000000000000018,-0.2999999999999998,1.1000000000000005,0.7999999999999998,0.39999999999999947
116,1978-05-16,1978-05-10,0.1875,7.3125,-0.6,9.0,4.4,4.6,7.1,7.7,6.9,7.2,5.9,-2.0,2.3,0.0,0.0,-0.10000000000000053,0.2999999999999998,0.20000000000000018,0.10000000000000053
117,1978-06-20,1978-06-14,0.25,7.5,-0.4,8.8,3.7,3.2,7.1,8.6,6.9,7.3,6.1,0.19999999999999996,-0.1999999999999993,-0.7000000000000002,-1.3999999999999995,0.0,0.8999999999999995,0.0,0.09999999999999964
118,1978-07-18,1978-07-12,0.125,7.75,8.8,3.5,3.4,4.2,9.2,6.8,7.2,7.2,5.8,0.0,-0.20000000000000018,0.19999999999999973,-0.2999999999999998,0.5999999999999996,-0.10000000000000053,-0.09999999999999964,0.0
119,1978-08-15,1978-08-09,0.125,7.875,7.4,3.3,3.4,4.2,10.0,7.4,7.4,7.6,6.0,-1.4000000000000004,-0.20000000000000018,0.0,0.0,0.8000000000000007,0.6000000000000005,0.20000000000000018,0.39999999999999947
120,1978-09-19,1978-09-13,0.125,8.375,8.0,2.9,3.3,4.2,10.7,7.0,7.2,7.7,6.0,0.5999999999999996,-0.3999999999999999,-0.10000000000000009,0.0,0.6999999999999993,-0.40000000000000036,-0.20000000000000018,0.10000000000000053
121,1978-10-17,1978-10-11,0.25,8.75,3.1,3.3,4.1,3.3,7.3,7.4,7.4,6.9,5.9,0.20000000000000018,0.0,-0.10000000000000053,-0.20000000000000018,0.2999999999999998,0.20000000000000018,-0.2999999999999998,0.10000000000000053
122,1978-11-21,1978-11-15,0.1875,9.6875,3.4,3.3,3.4,2.3,7.0,7.6,7.6,7.0,5.9,0.2999999999999998,0.0,-0.6999999999999997,-1.0,-0.2999999999999998,0.1999999999999993,0.1999999999999993,0.09999999999999964
123,1978-12-19,1978-12-13,0.1875,9.875,3.4,4.4,3.7,2.0,7.1,8.1,8.1,7.2,5.8,0.0,1.1000000000000005,0.30000000000000027,-0.2999999999999998,0.09999999999999964,0.5,0.5,0.20000000000000018
124,1979-02-06,1979-01-31,0.0,10.0625,6.1,4.0,2.0,1.3,8.1,8.9,7.7,6.8,5.8,1.6999999999999993,0.2999999999999998,0.0,-0.19999999999999996,0.0,0.8000000000000007,0.5,-0.20000000000000018
125,1979-03-20,1979-03-14,0.0,10.0625,6.4,3.0,1.9,1.0,8.1,8.9,8.3,7.1,5.7,0.3000000000000007,-1.0,-0.10000000000000009,-0.30000000000000004,0.0,0.0,0.6000000000000005,0.2999999999999998
126,1979-04-17,1979-04-11,0.0,10.0625,1.3,2.4,1.0,1.1,9.4,8.8,7.6,8.6,5.9,-1.7,0.5,0.0,0.10000000000000009,0.5,0.5,0.5,0.5999999999999996
127,1979-05-22,1979-05-16,0.0,10.25,0.7,2.2,0.8,1.0,8.7,9.6,7.6,8.7,5.9,-0.6000000000000001,-0.19999999999999973,-0.19999999999999996,-0.10000000000000009,-0.7000000000000011,0.7999999999999989,0.0,0.09999999999999964
128,1979-07-11,1979-07-03,0.0,10.25,-1.5,-2.4,-2.0,-0.1,9.6,9.0,10.7,9.9,6.3,-3.7,-3.2,-3.0,-1.2000000000000002,0.0,1.4000000000000004,2.0,1.8000000000000007
129,1979-08-14,1979-08-08,0.375,10.625,-3.3,-1.8,-1.6,-0.2,9.9,8.9,10.2,9.6,6.1,-1.7999999999999998,0.5999999999999999,0.3999999999999999,-0.1,0.3000000000000007,-0.09999999999999964,-0.5,-0.3000000000000007
130,1979-09-18,1979-09-12,0.125,11.375,-2.4,0.7,-2.7,-0.9,9.2,8.7,10.3,9.5,6.0,0.8999999999999999,2.5,-1.1,-0.7,-0.7000000000000011,-0.20000000000000107,0.10000000000000142,-0.09999999999999964
132,1979-11-20,1979-11-14,0.0,13.5,2.4,-2.7,-3.8,-2.5,8.4,9.9,9.8,9.4,6.3,0.7999999999999998,1.2999999999999998,-1.9,-1.5,-0.5,-0.29999999999999893,0.20000000000000107,0.3000000000000007
133,1980-01-09,1980-01-03,0.0,13.5,1.5,-3.7,-3.4,-1.6,9.3,8.7,9.7,9.8,6.6,4.2,0.09999999999999964,-0.8999999999999999,-1.6,-0.5999999999999996,-1.1000000000000014,0.29999999999999893,0.9000000000000004
134,1980-02-05,1980-01-30,0.5,13.5,1.4,-0.8,-2.2,-3.1,8.7,8.1,8.9,9.7,6.2,-0.10000000000000009,2.9000000000000004,1.1999999999999997,-1.5,-0.6000000000000014,-0.5999999999999996,-0.7999999999999989,-0.10000000000000142
135,1980-03-18,1980-03-14,1.75,16.5,2.1,1.9,-1.6,-3.6,8.7,9.2,10.0,9.5,6.1,0.7000000000000002,2.7,0.6000000000000001,-0.5,0.0,1.0999999999999996,1.0999999999999996,-0.1999999999999993
136,1980-04-22,1980-04-16,-3.875,18.375,2.0,-2.9,-4.9,-4.5,8.2,11.5,10.0,10.2,6.6,0.10000000000000009,-1.2999999999999998,-1.3000000000000003,-0.7000000000000002,-1.0,1.5,0.5,0.09999999999999964
137,1980-05-20,1980-05-14,-1.375,10.875,1.1,-5.9,-4.7,-3.7,9.5,10.9,9.8,10.4,7.3,-0.8999999999999999,-3.0000000000000004,0.20000000000000018,0.7999999999999998,1.3000000000000007,-0.5999999999999996,-0.1999999999999993,0.20000000000000107
138,1980-07-09,1980-07-02,0.0,9.375,-8.8,-6.1,-2.1,1.9,9.2,8.6,10.4,9.9,8.6,-2.9000000000000004,-1.3999999999999995,1.6,3.4,-1.700000000000001,-1.200000000000001,0.0,-0.1999999999999993
139,1980-08-12,1980-08-06,0.25,9.625,-9.1,-4.1,-1.0,1.9,10.4,7.5,11.0,10.0,8.1,-0.29999999999999893,2.0,1.1,0.0,1.200000000000001,-1.0999999999999996,0.5999999999999996,0.09999999999999964
140,1980-09-16,1980-09-10,1.0,10.25,-9.0,-2.9,-0.5,1.2,10.6,8.5,11.5,10.3,7.8,0.09999999999999964,1.1999999999999997,0.5,-0.7,0.1999999999999993,1.0,0.5,0.3000000000000007
141,1980-10-21,1980-10-15,1.5,12.125,1.1,0.9,0.0,1.0,9.5,11.0,10.4,9.2,7.6,4.0,1.4,-1.2,-1.5,1.0,-0.5,0.09999999999999964,0.29999999999999893
142,1980-11-18,1980-11-12,1.75,14.5,1.0,2.3,-1.6,0.7,9.1,12.4,9.9,8.8,7.6,-0.10000000000000009,1.4,-1.6,-0.30000000000000004,-0.40000000000000036,1.4000000000000004,-0.5,-0.3999999999999986
143,1980-12-19,1980-12-12,-0.75,18.75,0.9,4.5,-2.7,-2.0,9.8,12.9,10.9,9.6,7.6,-0.09999999999999998,2.2,-1.1,-2.7,0.7000000000000011,0.5,1.0,0.7999999999999989
144,1981-02-03,1981-01-28,-0.5,17.5,5.0,1.3,-2.2,0.6,11.2,11.7,8.7,8.6,7.5,0.5,4.0,-0.20000000000000018,0.19999999999999996,-1.700000000000001,0.7999999999999989,-0.9000000000000004,-0.7000000000000011
145,1981-03-31,1981-03-25,0.875,15.0,3.8,5.8,0.0,0.8,10.7,9.1,8.9,8.7,7.4,-1.2000000000000002,4.5,2.2,0.20000000000000007,-0.5,-2.5999999999999996,0.20000000000000107,0.09999999999999964
146,1981-05-18,1981-05-13,1.5,18.5,6.5,1.0,0.3,1.5,7.8,8.1,8.2,8.3,7.3,0.7000000000000002,1.0,-0.5,1.0,-1.2999999999999998,-0.8000000000000007,-0.5,-0.6999999999999993
147,1981-07-07,1981-07-01,-1.0,18.5,0.2,0.3,1.1,0.4,6.3,7.3,9.1,7.2,7.7,-0.8,0.0,-0.3999999999999999,0.2,-1.7999999999999998,-0.8999999999999995,0.7999999999999989,-0.39999999999999947
148,1981-08-18,1981-08-12,-0.5,18.0,-1.9,-0.2,1.0,0.3,6.0,7.2,9.3,6.6,7.1,-2.1,-0.5,-0.10000000000000009,-0.10000000000000003,-0.2999999999999998,-0.09999999999999964,0.20000000000000107,-0.6000000000000005
149,1981-10-06,1981-09-30,-1.0,15.5,-1.6,-0.6,-1.8,0.2,6.4,8.4,8.8,6.7,7.2,0.2999999999999998,-0.39999999999999997,-2.8,-0.09999999999999998,0.40000000000000036,1.2000000000000002,-0.5,0.10000000000000053
150,1981-11-17,1981-11-10,-1.0,13.5,-0.6,-4.2,-1.8,0.9,9.4,9.6,7.1,7.3,8.3,0.0,-2.4000000000000004,-2.0,0.6000000000000001,1.0,0.7999999999999989,0.39999999999999947,0.39999999999999947
151,1981-12-22,1981-12-16,-0.25,12.125,0.6,-5.5,-2.2,1.9,9.5,9.0,6.9,7.1,8.4,1.2,-1.2999999999999998,-0.40000000000000013,0.9999999999999999,0.09999999999999964,-0.5999999999999996,-0.1999999999999993,-0.20000000000000018
152,1982-02-02,1982-01-27,0.5,14.0,-5.2,-4.0,1.3,4.5,8.4,6.7,6.9,6.1,9.3,0.2999999999999998,-1.7999999999999998,-0.5999999999999999,0.40000000000000036,-0.5999999999999996,-0.20000000000000018,-0.1999999999999993,-0.3000000000000007
153,1982-03-30,1982-03-24,-0.5,14.75,-4.5,-4.5,2.1,5.1,9.5,5.0,6.6,5.4,8.8,0.7000000000000002,-0.5,0.8,0.5999999999999996,1.0999999999999996,-1.7000000000000002,-0.3000000000000007,-0.6999999999999993
154,1982-05-18,1982-05-12,-0.75,14.0,-3.9,0.4,3.9,3.1,3.6,6.0,5.5,5.7,9.5,0.6000000000000001,-1.7000000000000002,-1.1999999999999997,-0.7999999999999998,-1.4,-0.5999999999999996,0.09999999999999964,0.20000000000000018
155,1982-07-01,1982-06-23,-0.5,14.0,-3.7,0.7,2.5,2.9,3.8,6.1,5.7,5.4,9.5,0.19999999999999973,0.29999999999999993,-1.4,-0.20000000000000018,0.19999999999999973,0.09999999999999964,0.20000000000000018,-0.2999999999999998
156,1982-08-24,1982-08-18,-0.75,10.25,1.7,1.0,2.3,2.5,5.3,6.4,5.2,4.9,10.0,1.0,-1.5,-0.6000000000000001,0.6000000000000001,-0.7999999999999998,0.7000000000000002,-0.20000000000000018,0.3000000000000007
157,1982-10-05,1982-09-29,-0.75,10.25,2.1,0.1,1.0,2.2,4.6,6.4,5.4,4.8,10.0,0.40000000000000013,-0.9,-1.2999999999999998,-0.2999999999999998,-0.7000000000000002,0.0,0.20000000000000018,-0.10000000000000053
158,1982-11-16,1982-11-10,-0.5,9.5,0.8,-0.6,1.9,2.0,5.4,6.0,5.0,4.1,10.6,0.7000000000000001,-1.6,-0.30000000000000027,-0.2999999999999998,-1.0,0.5999999999999996,0.20000000000000018,0.0
159,1982-12-21,1982-12-15,0.0,8.5,0.0,-1.8,1.9,2.0,4.7,6.0,4.4,4.2,10.7,-0.8,-1.2000000000000002,0.0,0.0,-0.7000000000000002,0.0,-0.5999999999999996,0.10000000000000053
160,1983-02-09,1983-02-02,0.0,8.5,-2.5,3.5,2.6,3.9,4.3,4.5,3.6,3.8,10.9,-0.7,1.6,0.6000000000000001,0.0,-1.7000000000000002,0.09999999999999964,-0.6000000000000001,-0.10000000000000009
161,1983-03-29,1983-03-23,0.125,8.5,-1.1,4.1,3.5,4.5,3.7,3.8,4.5,3.0,10.4,1.4,0.5999999999999996,0.8999999999999999,0.6000000000000001,-0.5999999999999996,-0.7000000000000002,0.8999999999999999,-0.7999999999999998
162,1983-05-24,1983-05-18,0.25,8.625,3.1,5.5,4.8,5.0,5.8,3.2,3.1,3.2,10.1,-0.9999999999999996,2.0,0.2999999999999998,0.5999999999999996,2.0,-1.2999999999999998,0.10000000000000009,0.0
163,1983-07-13,1983-07-06,0.3125,9.0625,7.5,7.1,5.0,4.3,3.6,3.3,3.1,3.5,9.6,2.0,2.3,0.0,-0.40000000000000036,0.3999999999999999,0.19999999999999973,-0.10000000000000009,0.3999999999999999
164,1983-08-23,1983-08-17,-0.0625,9.5625,8.7,8.2,4.8,4.1,4.5,3.8,3.6,4.5,9.3,1.1999999999999993,1.0999999999999996,-0.20000000000000018,-0.20000000000000018,0.8999999999999999,0.5,0.5,1.0
165,1983-10-04,1983-09-28,0.0,9.375,9.7,6.9,4.8,4.1,3.3,4.0,4.1,4.5,9.4,1.0,-1.299999999999999,0.0,0.0,-1.2000000000000002,0.20000000000000018,0.49999999999999956,0.0
166,1983-11-15,1983-11-09,0.0,9.375,7.9,6.3,4.8,4.2,3.4,4.6,4.7,4.6,8.7,1.0,1.5,0.7000000000000002,-0.09999999999999964,-0.6000000000000001,0.5,0.20000000000000018,0.2999999999999998
167,1983-12-20,1983-12-14,0.125,9.5,7.7,6.3,4.8,4.1,3.3,4.9,4.9,4.4,8.5,-0.20000000000000018,0.0,0.0,-0.10000000000000053,-0.10000000000000009,0.3000000000000007,0.20000000000000018,-0.1999999999999993
168,1984-01-31,1984-01-25,0.0,9.375,4.5,4.7,4.4,4.3,3.9,5.2,4.1,4.3,8.0,-1.7999999999999998,-0.09999999999999964,0.3000000000000007,0.09999999999999964,-1.0000000000000004,0.2999999999999998,-0.3000000000000007,-0.20000000000000018
169,1984-03-27,1984-03-21,0.375,10.125,5.0,8.0,6.0,4.0,3.9,4.8,4.1,4.7,7.8,0.5,3.3,1.5999999999999996,-0.2999999999999998,0.0,-0.40000000000000036,0.0,0.40000000000000036
170,1984-05-22,1984-05-16,0.0,10.5,8.3,5.0,4.9,3.1,4.1,4.3,4.6,4.7,7.6,0.3000000000000007,-1.0,0.9000000000000004,0.0,-0.7000000000000002,0.20000000000000018,-0.10000000000000053,-0.39999999999999947
171,1984-07-17,1984-07-11,0.375,11.0,6.7,5.3,3.5,3.0,2.8,4.1,4.5,4.9,6.9,1.7000000000000002,0.39999999999999947,0.3999999999999999,0.2999999999999998,-1.5,-0.5,-0.20000000000000018,-0.5
172,1984-08-21,1984-08-15,-0.0625,11.5625,7.5,5.0,4.0,3.4,3.2,3.3,3.9,4.5,7.2,0.7999999999999998,-0.2999999999999998,0.5,0.3999999999999999,0.40000000000000036,-0.7999999999999998,-0.6000000000000001,-0.40000000000000036
173,1984-10-02,1984-09-26,-0.375,11.25,7.1,2.7,4.3,3.2,3.3,3.4,4.3,4.8,7.5,-0.40000000000000036,-2.3,0.2999999999999998,-0.19999999999999973,0.09999999999999964,0.10000000000000009,0.3999999999999999,0.2999999999999998
174,1984-11-07,1984-10-31,-0.75,10.0,2.7,3.4,3.4,3.3,3.6,3.8,4.6,3.9,7.3,0.0,-0.8999999999999999,0.19999999999999973,0.3999999999999999,0.20000000000000018,-0.5,-0.20000000000000018,-0.19999999999999973
175,1984-12-18,1984-12-12,-0.625,8.75,1.9,1.3,2.4,3.2,3.7,4.1,4.5,3.6,7.3,-0.8000000000000003,-2.0999999999999996,-1.0,-0.09999999999999964,0.10000000000000009,0.2999999999999998,-0.09999999999999964,-0.2999999999999998
176,1985-02-13,1985-02-06,0.0,8.5,3.9,3.8,3.6,3.5,2.4,4.2,3.6,3.2,7.2,2.5999999999999996,1.4,0.3999999999999999,0.2999999999999998,-1.6999999999999997,-0.2999999999999998,0.0,-0.5
177,1985-03-26,1985-03-20,0.0,8.5,4.9,3.1,3.5,3.3,2.8,4.2,2.8,3.1,7.3,1.0000000000000004,-0.6999999999999997,-0.10000000000000009,-0.20000000000000018,0.3999999999999999,0.0,-0.8000000000000003,-0.10000000000000009
178,1985-05-21,1985-05-15,-0.375,8.125,1.3,2.3,3.5,3.0,5.3,2.9,2.7,3.1,7.3,-1.8,-1.2000000000000002,0.20000000000000018,-0.2999999999999998,1.0999999999999996,0.10000000000000009,-0.3999999999999999,-0.19999999999999973
179,1985-07-10,1985-07-03,0.0,7.625,2.1,3.5,3.0,2.7,2.9,2.8,3.2,3.6,7.2,-0.19999999999999973,0.0,0.0,0.10000000000000009,0.0,0.09999999999999964,0.10000000000000009,-0.10000000000000009
180,1985-08-20,1985-08-14,0.0,7.8125,1.7,3.0,3.2,2.5,2.8,2.8,3.1,3.7,7.3,-0.40000000000000013,-0.5,0.20000000000000018,-0.20000000000000018,-0.10000000000000009,0.0,-0.10000000000000009,0.10000000000000009
181,1985-10-01,1985-09-25,0.0,7.875,1.9,3.0,3.0,2.5,2.6,3.1,2.7,3.0,7.2,0.19999999999999996,0.0,-0.20000000000000018,0.0,-0.19999999999999973,0.30000000000000027,-0.3999999999999999,-0.7000000000000002
182,1985-11-05,1985-10-30,-0.0625,8.0,3.3,2.6,2.1,2.2,3.3,3.3,3.5,3.7,7.1,0.2999999999999998,-0.3999999999999999,-0.3999999999999999,-0.5,0.19999999999999973,0.5999999999999996,0.5,-0.5999999999999996
183,1985-12-17,1985-12-11,-0.1875,7.9375,4.3,2.6,2.0,1.8,2.3,3.7,4.0,3.4,7.1,1.0,0.0,-0.10000000000000009,-0.40000000000000013,-1.0,0.40000000000000036,0.5,-0.30000000000000027
184,1986-02-12,1986-02-05,0.0,7.8125,2.4,3.3,2.3,3.1,3.3,4.0,3.4,3.0,6.8,-0.20000000000000018,1.2999999999999998,0.4999999999999998,1.0,-0.40000000000000036,0.0,0.0,-0.5
185,1986-04-01,1986-03-26,0.0,7.375,0.7,2.9,2.3,4.4,3.3,3.3,2.9,2.4,7.0,-1.7,-0.3999999999999999,0.0,1.3000000000000003,0.0,-0.7000000000000002,-0.5,-0.6000000000000001
186,1986-05-20,1986-05-14,0.0,6.875,3.2,2.1,4.4,4.4,2.5,2.1,2.2,2.8,7.1,0.30000000000000027,-0.19999999999999973,0.0,0.20000000000000018,-0.7999999999999998,-0.7999999999999998,-0.19999999999999973,-0.10000000000000009
187,1986-07-09,1986-07-02,-0.5,6.875,1.5,2.7,3.7,3.4,2.4,2.0,2.2,2.9,7.1,-0.6000000000000001,-1.7000000000000002,-0.7000000000000002,-0.20000000000000018,0.2999999999999998,-0.20000000000000018,-0.5999999999999996,-0.3999999999999999
188,1986-08-19,1986-08-13,-0.375,6.3125,1.1,2.5,3.6,3.3,2.1,2.5,2.0,2.6,7.0,-0.3999999999999999,-0.20000000000000018,-0.10000000000000009,-0.10000000000000009,-0.2999999999999998,0.5,-0.20000000000000018,-0.2999999999999998
189,1986-09-23,1986-09-17,0.0,5.875,0.6,3.0,3.8,2.9,2.5,2.0,1.5,2.8,6.9,-0.5000000000000001,0.5,0.19999999999999973,-0.3999999999999999,0.3999999999999999,-0.5,-0.5,0.19999999999999973
190,1986-11-05,1986-10-29,0.0,5.875,2.4,3.0,2.7,2.7,3.6,0.7,2.9,3.0,7.0,-0.6000000000000001,-0.7999999999999998,-0.19999999999999973,-0.2999999999999998,1.6,-0.8,0.10000000000000009,0.10000000000000009
191,1986-12-16,1986-12-10,0.0,6.0,2.9,3.1,2.4,2.7,3.6,0.8,2.8,2.7,7.0,0.5,0.10000000000000009,-0.30000000000000027,0.0,0.0,0.10000000000000009,-0.10000000000000009,-0.2999999999999998
192,1987-02-12,1987-02-04,0.0,6.0,1.7,2.2,2.8,2.9,1.0,2.6,3.0,3.0,6.7,-1.4000000000000001,-0.19999999999999973,0.09999999999999964,0.0,0.19999999999999996,-0.19999999999999973,0.2999999999999998,0.3999999999999999
193,1987-03-31,1987-03-25,0.1875,6.0625,1.1,3.2,2.6,2.6,0.7,2.8,3.0,3.0,6.7,-0.5999999999999999,1.0,-0.19999999999999973,-0.2999999999999998,-0.30000000000000004,0.19999999999999973,0.0,0.0
194,1987-05-19,1987-05-13,0.25,6.5,4.3,2.5,2.2,2.8,3.5,3.6,3.2,2.6,6.4,1.0999999999999996,-0.10000000000000009,-0.3999999999999999,0.0,0.7000000000000002,0.6000000000000001,0.20000000000000018,0.0
195,1987-07-07,1987-07-01,0.0,6.75,2.2,2.6,2.5,2.4,3.8,3.2,2.8,3.8,6.3,-0.2999999999999998,0.3999999999999999,-0.2999999999999998,-0.20000000000000018,0.19999999999999973,0.0,0.19999999999999973,0.09999999999999964
196,1987-08-18,1987-08-12,0.0,6.625,2.6,2.6,2.7,2.5,3.8,3.7,2.9,4.0,6.1,0.3999999999999999,0.0,0.20000000000000018,0.10000000000000009,0.0,0.5,0.10000000000000009,0.20000000000000018
197,1987-09-22,1987-09-16,0.0,7.25,2.3,3.5,3.0,2.9,3.8,3.3,2.6,4.0,6.0,-0.30000000000000027,0.8999999999999999,0.2999999999999998,0.3999999999999999,0.0,-0.40000000000000036,-0.2999999999999998,0.0
198,1987-11-03,1987-10-28,-0.3125,7.125,3.8,2.2,0.8,1.4,2.4,2.6,4.0,3.8,6.1,0.2999999999999998,-0.7999999999999998,-2.0999999999999996,-1.2000000000000002,-0.8999999999999999,0.0,0.0,-0.40000000000000036
199,1987-12-16,1987-12-09,0.0,6.8125,4.1,3.0,1.1,1.6,2.8,2.5,3.9,3.4,6.0,0.2999999999999998,0.7999999999999998,0.30000000000000004,0.20000000000000018,0.3999999999999999,-0.10000000000000009,-0.10000000000000009,-0.3999999999999999
200,1988-02-10,1988-02-03,-0.125,6.625,4.2,1.3,1.7,2.6,2.7,3.4,3.5,3.5,5.9,1.2000000000000002,0.19999999999999996,0.09999999999999987,0.0,0.20000000000000018,-0.5,0.10000000000000009,-0.20000000000000018
201,1988-03-29,1988-03-23,0.25,6.5,4.5,2.7,2.5,2.6,2.7,3.4,3.1,3.8,5.7,0.2999999999999998,1.4000000000000001,0.8,0.0,0.0,0.0,-0.3999999999999999,0.2999999999999998
202,1988-05-17,1988-05-11,0.25,7.0,2.3,3.5,2.4,2.3,2.4,3.6,4.1,4.0,5.5,-0.40000000000000036,1.0,-0.20000000000000018,-0.5,-1.0,0.5,0.2999999999999998,0.20000000000000018
203,1988-06-30,1988-06-22,0.25,7.375,3.9,3.3,2.1,2.3,1.7,4.7,4.2,4.3,5.6,1.6,-0.20000000000000018,-0.2999999999999998,0.0,-0.7,1.1,0.10000000000000053,0.2999999999999998
204,1988-08-16,1988-08-10,0.0,8.125,3.1,3.1,1.8,3.6,4.1,4.0,4.2,4.0,5.4,-0.19999999999999973,1.0,-0.4999999999999998,1.6,-0.6000000000000005,-0.20000000000000018,-0.09999999999999964,-0.40000000000000036
205,1988-09-20,1988-09-14,0.0,8.125,3.3,2.5,1.6,4.4,5.1,3.8,4.4,3.9,5.5,0.19999999999999973,-0.6000000000000001,-0.19999999999999996,0.8000000000000003,1.0,-0.20000000000000018,0.20000000000000018,-0.10000000000000009
206,1988-11-01,1988-10-26,0.0,8.25,2.2,1.6,4.8,2.8,4.4,5.0,3.9,3.8,5.4,-0.2999999999999998,0.0,0.39999999999999947,0.09999999999999964,0.6000000000000005,0.5999999999999996,0.0,0.0
207,1988-12-14,1988-12-07,0.5625,8.4375,2.6,2.2,5.8,2.7,4.7,4.6,2.9,4.1,5.3,0.3999999999999999,0.6000000000000001,1.0,-0.09999999999999964,0.2999999999999998,-0.40000000000000036,-1.0,0.2999999999999998
208,1989-02-08,1989-02-01,0.1875,9.0,2.0,5.0,2.8,2.4,4.7,3.9,4.4,3.7,5.3,-0.20000000000000018,-0.7999999999999998,0.09999999999999964,0.0,0.10000000000000053,1.0,0.3000000000000007,0.0
209,1989-03-28,1989-03-22,0.125,9.75,2.0,5.2,3.0,2.0,5.3,3.9,4.7,4.3,5.2,0.0,0.20000000000000018,0.20000000000000018,-0.3999999999999999,0.5999999999999996,0.0,0.2999999999999998,0.5999999999999996
210,1989-05-16,1989-05-10,0.0,9.8125,5.5,2.3,2.0,1.6,3.9,4.8,4.1,3.9,5.3,0.2999999999999998,-0.7000000000000002,0.0,0.0,0.0,0.09999999999999964,-0.20000000000000018,-0.30000000000000027
211,1989-07-06,1989-06-28,-0.25,9.5625,4.4,1.7,1.5,1.3,3.6,5.4,3.5,3.8,5.3,-1.0999999999999996,-0.5999999999999999,-0.5,-0.30000000000000004,-0.2999999999999998,0.6000000000000005,-0.5999999999999996,-0.10000000000000009
212,1989-08-22,1989-08-16,0.0,9.0625,1.7,2.2,2.1,1.8,4.9,3.4,3.7,4.6,5.3,0.0,0.7000000000000002,0.8,0.6000000000000001,-0.5,-0.10000000000000009,-0.09999999999999964,0.0
213,1989-10-03,1989-09-27,0.0,9.0,2.5,2.5,2.1,1.8,4.6,3.4,3.1,4.5,5.2,0.8,0.2999999999999998,0.0,0.0,-0.3000000000000007,0.0,-0.6000000000000001,-0.09999999999999964
214,1989-11-14,1989-11-08,0.0,8.5,2.5,1.7,2.2,1.3,2.9,3.2,4.2,4.1,5.3,0.0,-0.40000000000000013,0.40000000000000013,-0.19999999999999996,-0.5,0.10000000000000009,-0.2999999999999998,0.0
215,1989-12-19,1989-12-13,-0.25,8.5,2.7,0.7,2.1,1.2,3.2,3.8,3.9,4.2,5.4,0.20000000000000018,-1.0,-0.10000000000000009,-0.10000000000000009,0.30000000000000027,0.5999999999999996,-0.30000000000000027,0.10000000000000053
216,1990-02-07,1990-01-31,0.0,8.25,0.5,0.7,2.6,1.6,3.5,4.6,3.6,4.2,5.5,-0.19999999999999996,-1.4000000000000001,1.4000000000000001,0.0,-0.2999999999999998,0.6999999999999997,-0.6000000000000001,0.20000000000000018
217,1990-03-27,1990-03-21,0.0,8.25,0.9,2.0,2.6,1.7,3.2,5.6,3.4,4.1,5.3,0.4,1.3,0.0,0.09999999999999987,-0.2999999999999998,1.0,-0.20000000000000018,-0.10000000000000053
218,1990-05-15,1990-05-09,0.0,8.25,2.1,2.2,2.0,1.8,5.7,4.4,3.8,4.1,5.4,0.10000000000000009,-0.3999999999999999,0.30000000000000004,0.10000000000000009,0.10000000000000053,1.0000000000000004,-0.2999999999999998,-0.10000000000000053
219,1990-07-03,1990-06-27,-0.25,8.25,1.9,1.3,1.6,1.6,5.4,4.3,3.9,3.6,5.4,-0.20000000000000018,-0.9000000000000001,-0.3999999999999999,-0.19999999999999996,-0.2999999999999998,-0.10000000000000053,0.10000000000000009,-0.49999999999999956
220,1990-08-21,1990-08-15,0.0,8.0,1.2,1.2,0.5,1.3,4.4,4.6,3.4,4.9,5.6,-0.10000000000000009,-0.40000000000000013,-1.1,-0.5,0.10000000000000053,0.6999999999999997,-0.20000000000000018,0.20000000000000018
221,1990-10-02,1990-09-26,-0.25,8.0,0.4,1.4,-1.0,-0.4,4.7,4.2,3.6,5.5,5.6,-0.7999999999999999,0.19999999999999996,-1.5,-1.7000000000000002,0.2999999999999998,-0.39999999999999947,0.20000000000000018,0.5999999999999996
222,1990-11-13,1990-11-07,-0.25,7.75,1.8,-2.1,-1.1,1.4,3.4,3.6,5.6,4.6,5.9,0.40000000000000013,-1.1,-0.7000000000000001,-0.6000000000000001,-0.8000000000000003,0.0,0.09999999999999964,-0.40000000000000036
223,1990-12-18,1990-12-12,-0.25,7.25,1.7,-3.1,-0.9,3.2,4.0,4.1,5.2,4.0,5.9,-0.10000000000000009,-1.0,0.20000000000000007,1.8000000000000003,0.6000000000000001,0.49999999999999956,-0.39999999999999947,-0.5999999999999996
224,1991-02-06,1991-01-30,-0.5,6.75,-2.1,-1.5,2.8,3.1,2.8,4.7,3.8,3.7,6.4,1.0,-0.6,-0.40000000000000036,0.6000000000000001,-1.2999999999999998,-0.5,-0.20000000000000018,0.20000000000000018
225,1991-03-26,1991-03-20,0.0,6.0,-2.0,-2.4,1.9,3.9,2.8,4.5,3.7,3.5,6.5,0.10000000000000009,-0.8999999999999999,-0.8999999999999999,0.7999999999999998,0.0,-0.20000000000000018,-0.09999999999999964,-0.20000000000000018
226,1991-05-14,1991-05-08,0.0,5.75,-2.8,-0.2,4.1,4.0,5.5,3.1,3.3,3.2,6.8,-0.3999999999999999,-2.1,0.19999999999999973,0.20000000000000018,1.0,-0.6000000000000001,-0.20000000000000018,-0.09999999999999964
227,1991-07-03,1991-06-26,0.0,5.75,-2.8,0.2,4.8,4.1,5.2,3.0,3.2,3.3,6.8,0.0,0.4,0.7000000000000002,0.09999999999999964,-0.2999999999999998,-0.10000000000000009,-0.09999999999999964,0.09999999999999964
228,1991-08-20,1991-08-14,0.0,5.5,0.4,2.9,3.6,3.9,3.9,2.0,3.3,3.8,6.8,0.2,-1.9,-0.49999999999999956,0.6000000000000001,0.8999999999999999,-1.2000000000000002,0.0,0.0
229,1991-10-01,1991-09-25,0.0,5.25,-0.1,2.8,3.2,3.6,4.2,1.6,2.5,3.5,6.8,-0.5,-0.10000000000000009,-0.3999999999999999,-0.2999999999999998,0.30000000000000027,-0.3999999999999999,-0.7999999999999998,-0.2999999999999998
230,1991-11-05,1991-10-30,-0.5,5.25,2.4,1.2,1.8,3.0,1.8,2.2,3.7,2.9,6.9,-0.3999999999999999,-2.0,-1.8,-0.5,0.19999999999999996,-0.2999999999999998,0.20000000000000018,-0.20000000000000018
231,1991-12-17,1991-12-11,-0.25,4.5,1.7,-0.2,-0.8,2.6,2.1,2.9,4.1,2.9,6.9,-0.7,-1.4,-2.6,-0.3999999999999999,0.30000000000000004,0.6999999999999997,0.39999999999999947,0.0
232,1992-02-05,1992-01-30,0.0,4.0,0.3,0.4,1.9,2.9,1.7,3.8,2.9,2.5,7.1,0.5,1.2000000000000002,-0.7000000000000002,0.2999999999999998,-1.2,-0.2999999999999998,0.0,-0.20000000000000018
233,1992-03-31,1992-03-25,0.0,4.0,0.8,1.6,2.9,3.1,1.7,3.2,2.7,2.6,7.2,0.5,1.2000000000000002,1.0,0.20000000000000018,0.0,-0.5999999999999996,-0.19999999999999973,0.10000000000000009
234,1992-05-19,1992-05-14,0.0,3.75,2.0,2.0,3.1,3.1,3.1,2.7,2.8,2.7,7.2,0.3999999999999999,-0.8999999999999999,0.0,-0.10000000000000009,-0.10000000000000009,0.0,0.19999999999999973,0.20000000000000018
235,1992-07-01,1992-06-26,-0.125,3.75,2.7,2.0,2.3,2.7,3.1,2.7,2.5,2.8,7.3,0.7000000000000002,0.0,-0.8000000000000003,-0.3999999999999999,0.0,0.0,-0.2999999999999998,0.09999999999999964
236,1992-08-18,1992-08-13,-0.125,3.25,1.4,1.7,2.5,2.8,2.4,1.6,2.9,2.9,7.6,-0.6000000000000001,-0.5999999999999999,-0.20000000000000018,0.0,-0.30000000000000027,-0.8999999999999999,0.10000000000000009,-0.30000000000000027
237,1992-10-06,1992-09-30,-0.25,3.0,1.5,1.9,1.2,2.0,2.7,2.5,2.1,2.7,7.6,0.10000000000000009,0.19999999999999996,-1.3,-0.7999999999999998,0.30000000000000027,0.8999999999999999,-0.7999999999999998,-0.19999999999999973
238,1992-11-17,1992-11-12,0.0,3.0,2.7,2.0,2.0,2.0,1.8,2.4,2.8,2.2,7.5,0.8000000000000003,0.8,0.0,-0.5,-0.7,0.2999999999999998,0.09999999999999964,0.0
239,1992-12-22,1992-12-16,0.0,3.0,3.9,3.3,2.7,2.7,1.7,2.8,3.2,2.2,7.3,1.1999999999999997,1.2999999999999998,0.7000000000000002,0.7000000000000002,-0.10000000000000009,0.3999999999999999,0.40000000000000036,0.0
240,1993-02-03,1993-01-29,0.0,3.0,3.8,2.7,2.9,2.9,1.8,3.4,2.2,2.2,7.2,0.5,0.0,0.19999999999999973,0.19999999999999973,-0.9999999999999998,0.19999999999999973,0.0,-0.19999999999999973
241,1993-03-23,1993-03-17,0.0,3.0,4.8,3.0,2.7,2.8,2.2,3.5,2.6,2.2,7.0,1.0,0.2999999999999998,-0.19999999999999973,-0.10000000000000009,0.40000000000000013,0.10000000000000009,0.3999999999999999,0.0
242,1993-05-18,1993-05-14,0.125,3.0,1.8,2.0,2.5,2.6,3.3,2.2,2.2,2.4,7.0,-1.2,-0.7000000000000002,-0.2999999999999998,-0.2999999999999998,-0.20000000000000018,-0.3999999999999999,0.0,0.19999999999999973
243,1993-07-07,1993-06-30,0.0,3.0,0.7,2.5,2.2,2.5,3.5,2.6,2.2,2.9,7.0,-1.1,0.5,-0.2999999999999998,-0.10000000000000009,0.20000000000000018,0.3999999999999999,0.0,0.5
244,1993-08-17,1993-08-11,0.0,3.0,1.6,2.3,2.4,2.8,2.4,2.5,3.0,2.5,6.9,-0.8999999999999999,0.09999999999999964,-0.10000000000000009,0.2999999999999998,-0.20000000000000018,0.2999999999999998,0.10000000000000009,-0.10000000000000009
245,1993-09-21,1993-09-15,0.0,3.0,1.8,1.2,3.4,3.0,2.3,2.3,2.3,2.3,6.8,0.19999999999999996,-1.0999999999999999,1.0,0.20000000000000018,-0.10000000000000009,-0.20000000000000018,-0.7000000000000002,-0.20000000000000018
246,1993-11-16,1993-11-10,0.0,3.0,2.8,4.0,2.7,2.3,1.5,2.5,2.6,2.5,6.8,1.5999999999999999,0.6000000000000001,-0.2999999999999998,0.0,-0.7999999999999998,0.20000000000000018,0.30000000000000027,0.20000000000000018
247,1993-12-21,1993-12-15,0.0,3.0,2.7,5.0,3.6,2.0,1.6,2.3,2.7,2.6,6.6,-0.09999999999999964,1.0,0.8999999999999999,-0.2999999999999998,0.10000000000000009,-0.20000000000000018,0.10000000000000009,0.10000000000000009
248,1994-02-04,1994-01-31,0.25,3.0,5.9,4.0,3.0,2.5,1.4,3.0,2.3,2.2,7.0,0.9000000000000004,0.3999999999999999,1.0,0.0,-0.8999999999999999,0.2999999999999998,-0.30000000000000027,-0.19999999999999973
249,1994-03-22,1994-03-16,0.25,3.25,7.5,3.2,2.5,2.7,1.2,2.5,2.5,2.3,6.5,1.5999999999999996,-0.7999999999999998,-0.5,0.20000000000000018,-0.19999999999999996,-0.5,0.20000000000000018,0.09999999999999964
250,1994-05-17,1994-05-13,0.5,3.75,2.6,4.2,2.7,2.1,2.5,1.9,2.3,2.2,6.5,-0.6000000000000001,1.7000000000000002,0.0,-0.2999999999999998,0.0,-0.6000000000000001,0.0,0.0
251,1994-07-06,1994-06-29,0.0,4.25,3.4,3.5,2.9,2.4,2.6,2.4,2.2,2.3,6.3,0.7999999999999998,-0.7000000000000002,0.19999999999999973,0.2999999999999998,0.10000000000000009,0.5,-0.09999999999999964,0.09999999999999964
252,1994-08-16,1994-08-12,0.5,4.25,3.7,2.8,2.3,1.9,3.0,1.5,2.5,2.6,6.2,0.20000000000000018,-0.10000000000000009,-0.10000000000000009,-0.10000000000000009,0.6000000000000001,-0.7000000000000002,0.20000000000000018,-0.19999999999999973
253,1994-09-27,1994-09-21,0.125,4.75,3.8,3.0,2.8,1.9,3.0,1.7,2.7,3.0,6.1,0.09999999999999964,0.20000000000000018,0.5,0.0,0.0,0.19999999999999996,0.20000000000000018,0.3999999999999999
254,1994-11-15,1994-11-09,0.75,4.75,3.4,4.1,2.5,1.4,1.6,2.0,3.1,2.8,5.7,0.3999999999999999,1.2999999999999998,0.6000000000000001,-0.30000000000000004,-0.09999999999999987,-0.7000000000000002,0.10000000000000009,0.5
255,1994-12-20,1994-12-14,0.0,5.5,3.9,5.0,3.0,2.0,1.9,1.7,3.1,2.6,5.6,0.5,0.9000000000000004,0.5,0.6000000000000001,0.2999999999999998,-0.30000000000000004,0.0,-0.19999999999999973
256,1995-02-01,1995-01-25,0.5,5.5,5.0,3.2,2.0,1.7,1.8,3.1,2.4,2.3,5.3,0.0,0.20000000000000018,0.0,0.3999999999999999,0.10000000000000009,0.0,-0.20000000000000018,-0.20000000000000018
257,1995-03-28,1995-03-22,0.0,6.0,4.6,2.5,1.7,2.1,1.3,3.3,2.4,2.2,5.5,-0.40000000000000036,-0.7000000000000002,-0.30000000000000004,0.40000000000000013,-0.5,0.19999999999999973,0.0,-0.09999999999999964
258,1995-05-23,1995-05-17,0.0,6.0,2.8,0.9,1.9,2.8,2.2,2.7,2.6,2.4,5.7,0.2999999999999998,-0.7999999999999999,-0.20000000000000018,0.5,-1.0999999999999996,0.30000000000000027,0.3999999999999999,0.19999999999999973
259,1995-07-06,1995-06-28,-0.25,6.0,2.7,-0.5,1.1,3.4,2.2,2.2,2.8,2.3,5.8,-0.09999999999999964,-1.4,-0.7999999999999998,0.6000000000000001,0.0,-0.5,0.19999999999999973,-0.10000000000000009
260,1995-08-22,1995-08-16,0.0,5.75,0.5,2.2,2.9,2.3,1.3,2.5,2.4,2.4,5.8,1.0,1.1,-0.5,0.19999999999999973,-0.9000000000000001,-0.2999999999999998,0.10000000000000009,0.0
261,1995-09-26,1995-09-20,0.0,5.75,1.1,2.2,2.5,2.3,1.6,2.7,2.6,2.8,5.7,0.6000000000000001,0.0,-0.3999999999999999,0.0,0.30000000000000004,0.20000000000000018,0.20000000000000018,0.3999999999999999
262,1995-11-15,1995-11-08,0.0,5.75,4.1,2.6,2.7,2.7,0.5,2.1,2.5,2.2,5.6,1.8999999999999995,0.10000000000000009,0.40000000000000036,0.5,-2.2,-0.5,-0.2999999999999998,0.10000000000000009
263,1995-12-19,1995-12-14,-0.25,5.75,5.4,1.9,2.5,2.4,0.5,1.9,2.6,2.2,5.6,1.3000000000000007,-0.7000000000000002,-0.20000000000000018,-0.30000000000000027,0.0,-0.20000000000000018,0.10000000000000009,0.0
264,1996-01-31,1996-01-26,-0.25,5.5,1.9,0.8,2.0,2.0,2.6,3.4,2.4,2.6,5.6,0.0,-1.7,-0.3999999999999999,0.0,0.7000000000000002,0.7999999999999998,0.19999999999999973,0.6000000000000001
265,1996-03-26,1996-03-21,0.0,5.25,0.3,1.5,3.4,1.8,1.8,3.0,2.4,2.5,5.6,-1.5999999999999999,0.7,1.4,-0.19999999999999996,-0.8,-0.3999999999999999,0.0,-0.10000000000000009
266,1996-05-21,1996-05-16,0.0,5.25,2.5,3.5,2.0,1.9,2.5,2.5,3.2,2.9,5.5,1.0,0.10000000000000009,0.19999999999999996,-0.3999999999999999,-0.5,0.10000000000000009,0.7000000000000002,0.3999999999999999
267,1996-07-03,1996-06-26,0.0,5.25,2.2,3.8,2.3,1.9,2.3,2.1,2.6,2.7,5.5,-0.2999999999999998,0.2999999999999998,0.2999999999999998,0.0,-0.20000000000000018,-0.3999999999999999,-0.6000000000000001,-0.19999999999999973
268,1996-08-20,1996-08-15,0.0,5.25,3.7,2.6,2.0,2.0,2.2,2.3,3.0,3.0,5.4,-0.09999999999999964,0.30000000000000027,0.10000000000000009,-0.10000000000000009,0.10000000000000009,-0.30000000000000027,0.2999999999999998,0.20000000000000018
269,1996-09-24,1996-09-18,0.0,5.25,4.7,2.4,2.2,2.1,2.2,2.1,2.6,3.0,5.3,1.0,-0.20000000000000018,0.20000000000000018,0.10000000000000009,0.0,-0.19999999999999973,-0.3999999999999999,0.0
270,1996-11-13,1996-11-06,0.0,5.25,2.5,1.8,2.4,2.2,1.9,2.5,2.9,2.4,5.2,0.10000000000000009,-0.40000000000000013,0.2999999999999998,0.10000000000000009,-0.20000000000000018,-0.10000000000000009,-0.10000000000000009,-0.30000000000000027
271,1996-12-17,1996-12-12,0.0,5.25,2.3,2.3,2.1,2.3,1.9,2.5,3.2,2.3,5.3,-0.20000000000000018,0.4999999999999998,-0.2999999999999998,0.09999999999999964,0.0,0.0,0.30000000000000027,-0.10000000000000009
272,1997-02-05,1997-01-29,0.0,5.25,3.5,1.7,2.4,2.4,2.5,3.2,2.7,2.2,5.2,1.2000000000000002,-0.40000000000000013,0.10000000000000009,0.10000000000000009,0.0,0.0,0.40000000000000036,-0.09999999999999964
273,1997-03-25,1997-03-19,0.25,5.25,4.3,3.4,2.9,2.5,1.8,3.1,2.5,2.2,5.3,0.7999999999999998,1.7,0.5,0.10000000000000009,-0.7,-0.10000000000000009,-0.20000000000000018,0.0
274,1997-05-20,1997-05-15,0.0,5.5,6.0,1.8,2.5,2.3,2.8,2.1,2.3,2.4,5.0,2.6,-1.0999999999999999,0.0,-0.10000000000000009,-0.30000000000000027,-0.3999999999999999,0.09999999999999964,0.19999999999999973
275,1997-07-02,1997-06-25,0.0,5.5,5.8,2.2,2.9,2.8,2.8,1.9,2.1,2.2,4.9,-0.20000000000000018,0.40000000000000013,0.3999999999999999,0.5,0.0,-0.20000000000000018,-0.19999999999999973,-0.19999999999999973
276,1997-08-19,1997-08-14,0.0,5.5,2.6,2.2,2.4,2.3,1.5,1.9,2.1,2.3,4.8,0.3999999999999999,-0.6999999999999997,-0.3999999999999999,-0.20000000000000018,-0.3999999999999999,-0.20000000000000018,-0.10000000000000009,-0.20000000000000018
277,1997-09-30,1997-09-24,0.0,5.5,3.6,2.8,3.0,3.0,1.6,1.5,2.0,2.2,4.8,1.0,0.5999999999999996,0.6000000000000001,0.7000000000000002,0.10000000000000009,-0.3999999999999999,-0.10000000000000009,-0.09999999999999964
278,1997-11-12,1997-11-06,0.0,5.5,3.5,3.5,2.7,2.5,1.4,1.7,2.2,2.0,4.8,0.7000000000000002,0.5,-0.2999999999999998,-0.10000000000000009,-0.10000000000000009,-0.30000000000000004,0.0,-0.10000000000000009
279,1997-12-16,1997-12-11,0.0,5.5,3.4,3.9,2.0,1.7,1.5,1.9,2.2,1.7,4.6,-0.10000000000000009,0.3999999999999999,-0.7000000000000002,-0.8,0.10000000000000009,0.19999999999999996,0.0,-0.30000000000000004
280,1998-02-04,1998-01-28,0.0,5.5,3.9,2.7,1.0,1.5,1.9,1.8,1.6,1.6,4.6,0.0,0.7000000000000002,-0.7,-0.10000000000000009,0.0,-0.40000000000000013,-0.09999999999999987,0.0
281,1998-03-31,1998-03-25,0.0,5.5,3.9,3.1,2.1,2.0,1.5,1.4,1.5,1.8,4.6,0.0,0.3999999999999999,1.1,0.5,-0.3999999999999999,-0.40000000000000013,-0.10000000000000009,0.19999999999999996
282,1998-05-19,1998-05-14,0.0,5.5,5.2,2.5,1.8,1.8,0.9,1.6,1.7,1.7,4.4,2.1,0.3999999999999999,-0.19999999999999996,-0.19999999999999996,-0.4999999999999999,0.10000000000000009,-0.10000000000000009,-0.10000000000000009
283,1998-07-01,1998-06-24,0.0,5.5,5.4,2.0,2.0,1.7,1.0,1.7,1.6,1.7,4.3,0.20000000000000018,-0.5,0.19999999999999996,-0.10000000000000009,0.09999999999999998,0.09999999999999987,-0.09999999999999987,0.0
284,1998-08-18,1998-08-13,0.0,5.5,1.3,2.2,2.5,1.2,0.9,1.4,1.4,1.7,4.5,-0.7,0.20000000000000018,0.8,-0.30000000000000004,-0.7999999999999999,-0.20000000000000018,-0.30000000000000004,-0.19999999999999996
285,1998-09-29,1998-09-23,-0.25,5.5,1.9,2.6,2.6,0.9,0.8,1.5,1.0,1.8,4.5,0.5999999999999999,0.3999999999999999,0.10000000000000009,-0.29999999999999993,-0.09999999999999998,0.10000000000000009,-0.3999999999999999,0.10000000000000009
286,1998-11-17,1998-11-12,-0.25,5.0,3.6,2.1,1.4,1.4,0.8,1.1,1.7,1.3,4.6,1.0,-0.5,0.4999999999999999,0.4999999999999999,-0.7,0.10000000000000009,-0.10000000000000009,-0.09999999999999987
287,1998-12-22,1998-12-16,0.0,4.75,3.8,3.1,2.5,1.7,0.8,1.0,1.9,1.3,4.5,0.19999999999999973,1.0,1.1,0.30000000000000004,0.0,-0.10000000000000009,0.19999999999999996,0.0
288,1999-02-03,1999-01-28,0.0,4.75,5.0,2.7,2.4,2.2,1.0,1.7,1.4,1.5,4.3,1.9,0.20000000000000018,0.7,0.40000000000000013,0.0,-0.19999999999999996,0.09999999999999987,0.10000000000000009
289,1999-03-30,1999-03-24,0.0,4.75,5.9,3.4,3.2,2.3,0.8,1.6,1.4,1.5,4.3,0.9000000000000004,0.6999999999999997,0.8000000000000003,0.09999999999999964,-0.19999999999999996,-0.09999999999999987,0.0,0.0
290,1999-05-18,1999-05-13,0.0,4.75,4.1,3.4,2.8,3.7,1.5,1.4,1.5,1.5,4.2,0.6999999999999997,0.19999999999999973,0.5,0.7000000000000002,-0.10000000000000009,0.0,0.0,0.10000000000000009
291,1999-06-30,1999-06-23,0.25,4.75,4.5,2.9,3.5,3.7,1.5,1.7,1.3,1.6,4.2,0.40000000000000036,-0.5,0.7000000000000002,0.0,0.0,0.30000000000000004,-0.19999999999999996,0.10000000000000009
292,1999-08-24,1999-08-18,0.25,5.0,1.9,3.5,4.1,0.4,1.6,1.4,1.6,2.2,4.2,-1.0,0.0,0.39999999999999947,0.30000000000000004,-0.09999999999999987,0.09999999999999987,0.0,0.10000000000000009
293,1999-10-05,1999-09-29,0.0,5.25,1.8,4.4,4.5,0.9,1.6,1.1,1.4,2.3,4.2,-0.09999999999999987,0.9000000000000004,0.40000000000000036,0.5,0.0,-0.2999999999999998,-0.20000000000000018,0.09999999999999964
294,1999-11-16,1999-11-10,0.25,5.25,5.4,4.1,1.5,5.0,1.0,1.7,2.1,1.7,4.1,1.0,-0.40000000000000036,0.6,0.5,-0.10000000000000009,0.30000000000000004,-0.19999999999999973,-0.19999999999999996
295,1999-12-21,1999-12-15,0.0,5.5,5.6,4.8,3.2,4.3,1.2,1.7,2.1,1.6,4.1,0.1999999999999993,0.7000000000000002,1.7000000000000002,-0.7000000000000002,0.19999999999999996,0.0,0.0,-0.09999999999999987
296,2000-02-02,2000-01-27,0.25,5.5,5.2,4.0,4.2,4.1,1.6,2.1,1.8,1.9,4.0,0.40000000000000036,0.7999999999999998,-0.09999999999999964,0.2999999999999998,-0.09999999999999987,0.0,0.19999999999999996,0.19999999999999996
297,2000-03-21,2000-03-15,0.25,5.75,7.0,4.3,4.9,3.8,2.0,2.9,2.6,1.6,4.0,1.7999999999999998,0.2999999999999998,0.7000000000000002,-0.2999999999999998,0.3999999999999999,0.7999999999999998,0.8,-0.2999999999999998
298,2000-05-16,2000-05-11,0.5,6.0,4.9,5.3,4.1,4.0,2.6,2.7,1.9,1.8,3.9,0.6000000000000005,0.39999999999999947,0.2999999999999998,0.20000000000000018,-0.2999999999999998,0.10000000000000009,0.2999999999999998,0.10000000000000009
299,2000-06-28,2000-06-21,0.0,6.5,5.5,4.1,3.8,3.8,2.7,2.6,2.3,1.7,4.0,0.5999999999999996,-1.2000000000000002,-0.2999999999999998,-0.20000000000000018,0.10000000000000009,-0.10000000000000009,0.3999999999999999,-0.10000000000000009
300,2000-08-22,2000-08-16,0.0,6.5,4.9,3.2,3.8,3.9,2.5,1.5,1.6,2.2,4.0,0.8000000000000007,-0.5999999999999996,0.0,0.3999999999999999,-0.10000000000000009,-0.7999999999999998,-0.09999999999999987,0.20000000000000018
301,2000-10-03,2000-09-27,0.0,6.5,5.2,3.0,3.7,3.8,2.6,1.8,2.0,2.3,4.1,0.2999999999999998,-0.20000000000000018,-0.09999999999999964,-0.10000000000000009,0.10000000000000009,0.30000000000000004,0.3999999999999999,0.09999999999999964
302,2000-11-15,2000-11-08,0.0,6.5,2.6,3.5,3.6,3.6,2.0,2.2,2.4,1.7,4.0,-0.3999999999999999,-0.20000000000000018,-0.19999999999999973,-0.2999999999999998,0.19999999999999996,0.20000000000000018,0.10000000000000009,-0.10000000000000009
303,2000-12-19,2000-12-13,0.0,6.5,2.3,2.4,2.2,3.1,1.9,2.3,2.7,1.8,4.0,-0.30000000000000027,-1.1,-1.4,-0.5,-0.10000000000000009,0.09999999999999964,0.30000000000000027,0.10000000000000009
304,2001-01-31,2001-01-25,-0.5,6.0,2.0,-0.5,1.3,2.6,2.0,3.0,1.8,1.6,4.4,-0.3999999999999999,-2.7,-1.8,-0.6999999999999997,-0.2999999999999998,0.2999999999999998,0.0,0.0
305,2001-03-20,2001-03-14,-0.5,5.5,1.0,0.8,1.3,2.4,1.9,3.4,1.3,1.6,4.3,-1.0,1.3,0.0,-0.20000000000000018,-0.10000000000000009,0.3999999999999999,-0.5,0.0
306,2001-05-15,2001-05-09,-0.5,4.5,2.0,0.7,1.5,3.4,3.2,3.1,1.3,1.3,4.6,1.2,-0.6000000000000001,-0.8999999999999999,0.10000000000000009,-0.19999999999999973,1.8,-0.30000000000000004,-0.3999999999999999
307,2001-06-27,2001-06-20,-0.25,4.0,1.2,0.6,1.3,2.9,3.2,2.9,1.3,1.3,4.5,-0.8,-0.09999999999999998,-0.19999999999999996,-0.5,0.0,-0.20000000000000018,0.0,0.0
308,2001-08-21,2001-08-16,-0.25,3.75,0.2,1.0,1.5,2.4,2.2,1.5,1.8,2.2,4.7,-0.39999999999999997,-0.30000000000000004,-1.4,-0.8000000000000003,-0.6999999999999997,0.19999999999999996,0.5,0.30000000000000027
309,2001-10-02,2001-09-27,-0.5,3.0,0.4,-0.6,-0.7,-0.1,2.2,3.7,0.1,1.8,4.8,0.2,-1.6,-2.2,-2.5,0.0,2.2,-1.7,-0.40000000000000013
310,2001-11-06,2001-10-31,-0.5,2.5,-0.4,-2.4,-0.1,2.8,2.1,0.4,2.0,1.7,5.4,0.19999999999999996,-1.7,0.0,1.4,-1.6,0.30000000000000004,0.19999999999999996,0.19999999999999996
311,2001-12-11,2001-12-05,-0.25,2.0,-1.1,-2.1,-0.1,3.3,2.2,0.3,1.9,1.6,5.5,-0.7000000000000001,0.2999999999999998,0.0,0.5,0.10000000000000009,-0.10000000000000003,-0.10000000000000009,-0.09999999999999987
312,2002-01-30,2002-01-23,0.0,1.75,-0.3,1.5,2.5,3.5,0.2,1.7,1.6,1.5,5.9,1.8,1.6,-0.7999999999999998,-1.0,-0.09999999999999998,-0.19999999999999996,0.0,0.0
313,2002-03-19,2002-03-13,0.0,1.75,1.4,3.8,3.5,3.6,-0.3,1.5,2.1,1.6,5.6,1.7,2.3,1.0,0.10000000000000009,-0.5,-0.19999999999999996,0.5,0.10000000000000009
314,2002-05-07,2002-05-01,0.0,1.75,5.8,2.0,3.2,3.9,0.8,2.1,1.3,1.4,5.9,2.0,-1.5,-0.3999999999999999,0.2999999999999998,-0.7,0.0,-0.30000000000000004,0.0
315,2002-06-26,2002-06-20,0.0,1.75,5.5,1.8,3.3,3.5,1.1,1.3,0.9,1.4,5.9,-0.2999999999999998,-0.19999999999999996,0.09999999999999964,-0.3999999999999999,0.30000000000000004,-0.8,-0.4,0.0
316,2002-08-13,2002-08-07,0.0,1.75,1.2,2.7,2.2,3.3,1.2,0.8,1.3,1.7,6.0,-0.6000000000000001,-0.5999999999999996,-1.2999999999999998,-0.7000000000000002,-0.10000000000000009,-0.09999999999999998,-0.09999999999999987,-0.10000000000000009
317,2002-09-24,2002-09-18,0.0,1.75,1.5,3.2,2.0,2.9,1.1,1.1,1.2,1.9,5.8,0.30000000000000004,0.5,-0.20000000000000018,-0.3999999999999999,-0.09999999999999987,0.30000000000000004,-0.10000000000000009,0.19999999999999996
318,2002-11-06,2002-10-30,-0.5,1.75,3.1,1.0,2.2,2.6,1.0,1.8,1.6,1.2,5.9,-0.10000000000000009,-1.0,-0.6999999999999997,-0.5,-0.10000000000000009,0.6000000000000001,-0.2999999999999998,-0.30000000000000004
319,2002-12-10,2002-12-04,0.0,1.25,4.0,1.0,2.3,2.9,1.0,2.1,1.7,1.2,5.8,0.8999999999999999,0.0,0.09999999999999964,0.2999999999999998,0.0,0.30000000000000004,0.09999999999999987,0.0
320,2003-01-29,2003-01-22,0.0,1.25,0.2,2.6,2.9,4.3,1.8,1.2,1.2,1.2,6.2,-0.8,0.30000000000000027,0.0,0.3999999999999999,-0.30000000000000004,-0.5,0.0,-0.10000000000000009
321,2003-03-18,2003-03-13,0.0,1.25,1.4,2.3,2.3,3.8,1.6,2.0,1.4,1.0,5.8,1.2,-0.30000000000000027,-0.6000000000000001,-0.5,-0.19999999999999996,0.8,0.19999999999999996,-0.19999999999999996
322,2003-05-06,2003-04-30,0.0,1.25,1.6,2.0,3.4,4.3,2.6,1.0,1.1,1.2,6.0,-0.6999999999999997,-0.2999999999999998,-0.3999999999999999,-0.20000000000000018,0.6000000000000001,-0.3999999999999999,0.10000000000000009,0.0
323,2003-06-25,2003-06-18,-0.25,1.25,1.6,1.5,3.8,4.6,2.5,0.9,0.4,1.1,6.1,0.0,-0.5,0.3999999999999999,0.2999999999999998,-0.10000000000000009,-0.09999999999999998,-0.7000000000000001,-0.09999999999999987
324,2003-08-12,2003-08-06,0.0,1.0,2.6,3.6,4.4,4.8,1.0,0.9,1.0,1.3,6.3,1.1,-0.19999999999999973,-0.1999999999999993,-0.5,0.09999999999999998,0.5,-0.10000000000000009,-0.19999999999999996
325,2003-09-16,2003-09-10,0.0,1.0,3.3,4.4,4.6,5.2,0.8,1.5,1.1,1.1,6.2,0.6999999999999997,0.8000000000000003,0.1999999999999993,0.40000000000000036,-0.19999999999999996,0.6,0.10000000000000009,-0.19999999999999996
326,2003-10-28,2003-10-22,0.0,1.0,6.3,4.4,5.2,5.2,1.8,0.8,1.1,0.9,6.2,1.8999999999999995,-0.1999999999999993,0.0,0.10000000000000053,0.30000000000000004,-0.30000000000000004,0.0,0.0
327,2003-12-09,2003-12-03,0.0,1.0,8.2,4.4,5.3,5.5,1.7,1.1,1.2,0.9,6.0,1.8999999999999995,0.0,0.09999999999999964,0.2999999999999998,-0.10000000000000009,0.30000000000000004,0.09999999999999987,0.0
328,2004-01-28,2004-01-21,0.0,1.0,4.8,5.0,5.4,5.4,1.4,1.6,0.6,0.6,5.8,0.39999999999999947,-0.2999999999999998,-0.09999999999999964,0.10000000000000053,0.2999999999999998,0.40000000000000013,-0.30000000000000004,-0.30000000000000004
329,2004-03-16,2004-03-11,0.0,1.0,4.0,4.4,4.9,5.3,1.3,2.1,0.9,0.4,5.6,-0.7999999999999998,-0.5999999999999996,-0.5,-0.10000000000000053,-0.09999999999999987,0.5,0.30000000000000004,-0.19999999999999996
330,2004-05-04,2004-04-28,0.0,1.0,5.2,4.6,5.1,5.1,2.3,1.6,0.6,0.7,5.6,0.7999999999999998,-0.3000000000000007,-0.20000000000000018,-0.20000000000000018,0.19999999999999973,0.7000000000000001,0.19999999999999996,0.0
331,2004-06-30,2004-06-23,0.25,1.0,4.4,4.7,5.2,4.9,2.7,2.6,1.1,0.8,5.6,-0.7999999999999998,0.10000000000000053,0.10000000000000053,-0.1999999999999993,0.40000000000000036,1.0,0.5000000000000001,0.10000000000000009
332,2004-08-10,2004-08-05,0.25,1.25,3.1,3.9,4.7,3.9,3.2,0.9,1.2,1.9,5.6,-1.6,-1.3000000000000003,-0.20000000000000018,0.19999999999999973,0.6000000000000001,-0.20000000000000007,0.3999999999999999,0.3999999999999999
333,2004-09-21,2004-09-15,0.25,1.5,3.3,3.6,4.1,3.7,3.2,0.8,1.1,2.1,5.5,0.19999999999999973,-0.2999999999999998,-0.6000000000000005,-0.19999999999999973,0.0,-0.09999999999999998,-0.09999999999999987,0.20000000000000018
334,2004-11-10,2004-11-03,0.25,1.75,3.4,3.4,3.1,3.8,1.3,1.7,1.6,1.3,5.5,-0.20000000000000018,-0.6999999999999997,-0.6000000000000001,0.0,0.5,0.5999999999999999,-0.5,-0.3999999999999999
335,2004-12-14,2004-12-08,0.25,2.0,3.7,3.7,3.4,4.0,1.3,1.9,1.6,1.3,5.4,0.30000000000000027,0.30000000000000027,0.2999999999999998,0.20000000000000018,0.0,0.19999999999999996,0.0,0.0
336,2005-02-02,2005-01-26,0.25,2.25,3.5,3.8,4.0,3.9,1.9,1.3,1.6,1.6,5.4,-0.20000000000000018,0.3999999999999999,0.0,-0.19999999999999973,0.0,-0.30000000000000004,0.30000000000000004,0.10000000000000009
337,2005-03-22,2005-03-16,0.25,2.5,4.3,4.3,4.1,3.9,2.2,2.8,1.8,1.2,5.3,0.7999999999999998,0.5,0.09999999999999964,0.0,0.30000000000000027,1.4999999999999998,0.19999999999999996,-0.40000000000000013
338,2005-05-03,2005-04-28,0.25,2.75,3.1,3.6,3.7,3.7,3.3,2.6,1.2,1.5,5.3,-1.1999999999999997,-0.49999999999999956,-0.19999999999999973,-0.09999999999999964,0.5,0.8,0.0,0.10000000000000009
339,2005-06-30,2005-06-22,0.25,3.0,3.9,3.0,3.8,3.7,3.1,2.5,1.6,1.9,5.1,0.7999999999999998,-0.6000000000000001,0.09999999999999964,0.0,-0.19999999999999973,-0.10000000000000009,0.40000000000000013,0.3999999999999999
340,2005-08-09,2005-08-04,0.25,3.25,3.3,4.3,4.0,3.0,2.5,1.6,2.0,2.4,5.0,0.2999999999999998,0.5,0.2999999999999998,-0.5,0.0,0.0,0.10000000000000009,0.19999999999999973
341,2005-09-20,2005-09-14,0.25,3.5,3.2,3.1,3.7,4.2,2.5,2.6,2.8,1.7,5.0,-0.09999999999999964,-1.1999999999999997,-0.2999999999999998,1.2000000000000002,0.0,1.0,0.7999999999999998,-0.7
342,2005-11-01,2005-10-26,0.25,3.75,3.2,3.5,4.0,3.6,2.6,3.0,1.8,2.2,5.0,0.10000000000000009,-0.20000000000000018,-0.20000000000000018,0.10000000000000009,0.0,0.20000000000000018,0.10000000000000009,0.10000000000000009
343,2005-12-13,2005-12-07,0.25,4.0,4.3,3.4,3.7,3.5,3.1,2.2,2.7,2.4,5.0,1.0999999999999996,-0.10000000000000009,-0.2999999999999998,-0.10000000000000009,0.5,-0.7999999999999998,0.9000000000000001,0.19999999999999973
344,2006-01-31,2006-01-25,0.25,4.25,2.4,4.1,3.8,3.6,2.6,2.1,2.5,2.2,5.0,-1.0,0.39999999999999947,0.2999999999999998,0.20000000000000018,0.3999999999999999,-0.6000000000000001,0.10000000000000009,0.0
345,2006-03-28,2006-03-22,0.25,4.5,1.8,4.7,3.5,3.7,3.3,3.4,2.6,2.0,4.8,-0.5999999999999999,0.6000000000000005,-0.2999999999999998,0.10000000000000009,0.6999999999999997,1.2999999999999998,0.10000000000000009,-0.20000000000000018
346,2006-05-10,2006-05-03,0.25,4.75,5.3,3.7,3.2,3.1,3.3,3.2,1.9,2.1,4.7,0.5999999999999996,0.20000000000000018,-0.5,-0.2999999999999998,-0.10000000000000009,0.6000000000000001,-0.10000000000000009,0.10000000000000009
347,2006-06-29,2006-06-21,0.25,5.0,5.8,2.0,2.7,2.7,3.3,3.8,2.3,1.6,4.7,0.5,-1.7000000000000002,-0.5,-0.3999999999999999,0.0,0.5999999999999996,0.3999999999999999,-0.5
348,2006-08-08,2006-08-03,0.0,5.25,3.0,2.2,2.1,2.2,3.3,3.0,1.6,2.1,4.7,1.0,-0.5,-0.6000000000000001,-0.2999999999999998,-0.5,0.7000000000000002,0.0,-0.19999999999999973
349,2006-09-20,2006-09-13,0.0,5.25,2.8,1.8,1.7,1.9,3.4,2.2,1.9,2.6,4.7,-0.20000000000000018,-0.40000000000000013,-0.40000000000000013,-0.30000000000000027,0.10000000000000009,-0.7999999999999998,0.2999999999999998,0.5
350,2006-10-25,2006-10-18,0.0,5.25,1.0,2.3,2.1,2.1,1.8,1.6,3.0,2.7,4.7,-0.8,0.5999999999999999,0.20000000000000018,0.10000000000000009,-0.40000000000000013,-0.2999999999999998,0.3999999999999999,-0.09999999999999964
351,2006-12-12,2006-12-06,0.0,5.25,2.0,1.3,1.7,2.2,1.8,1.5,3.5,2.4,4.5,1.0,-0.9999999999999998,-0.40000000000000013,0.10000000000000009,0.0,-0.10000000000000009,0.5,-0.30000000000000027
352,2007-01-31,2007-01-24,0.0,5.25,2.6,2.0,2.3,2.4,1.9,3.7,2.4,2.3,4.6,1.3,0.30000000000000004,0.09999999999999964,0.0,0.3999999999999999,0.20000000000000018,0.0,-0.10000000000000009
353,2007-03-21,2007-03-14,0.0,5.25,2.2,1.5,2.3,2.3,1.6,3.9,2.7,2.0,4.6,-0.3999999999999999,-0.5,0.0,-0.10000000000000009,-0.2999999999999998,0.19999999999999973,0.30000000000000027,-0.2999999999999998
354,2007-05-09,2007-05-02,0.0,5.25,1.3,2.6,2.0,2.1,3.9,2.8,1.7,2.1,4.6,-0.19999999999999996,0.30000000000000027,-0.2999999999999998,-0.19999999999999973,0.0,0.09999999999999964,-0.30000000000000004,0.0
355,2007-06-28,2007-06-20,0.0,5.25,1.0,3.0,2.5,2.2,4.1,2.9,1.3,1.9,4.5,-0.30000000000000004,0.3999999999999999,0.5,0.10000000000000009,0.19999999999999973,0.10000000000000009,-0.3999999999999999,-0.20000000000000018
356,2007-08-07,2007-08-02,0.0,5.25,3.4,2.2,1.6,1.8,2.7,1.4,2.1,2.2,4.6,0.3999999999999999,-0.2999999999999998,-0.6000000000000001,-0.7,-0.19999999999999973,0.09999999999999987,0.20000000000000018,0.0
357,2007-09-18,2007-09-12,-0.5,5.25,3.7,2.6,1.0,1.3,2.7,0.8,2.3,2.1,4.6,0.30000000000000027,0.3999999999999999,-0.6000000000000001,-0.5,0.0,-0.5999999999999999,0.19999999999999973,-0.10000000000000009
358,2007-10-31,2007-10-24,-0.25,4.75,3.3,1.4,1.5,1.8,0.5,0.8,2.7,2.2,4.7,0.6999999999999997,0.3999999999999999,0.19999999999999996,0.10000000000000009,-0.30000000000000004,-1.4999999999999998,0.6000000000000001,0.10000000000000009
359,2007-12-11,2007-12-05,-0.25,4.5,5.0,0.1,0.7,1.4,0.9,1.8,2.5,2.2,4.7,1.7000000000000002,-1.2999999999999998,-0.8,-0.40000000000000013,0.4,1.0,-0.20000000000000018,0.0
360,2008-01-30,2008-01-23,-0.5,3.5,0.5,0.6,1.2,1.9,2.4,2.7,2.0,2.0,5.0,0.4,-0.09999999999999998,-0.19999999999999996,0.3999999999999999,0.5999999999999999,0.20000000000000018,-0.20000000000000018,0.0
361,2008-03-18,2008-03-13,-0.75,3.0,0.4,0.1,-1.0,0.9,2.7,2.5,1.6,2.0,4.9,-0.09999999999999998,-0.5,-2.2,-0.9999999999999999,0.30000000000000027,-0.20000000000000018,-0.3999999999999999,0.0
362,2008-04-30,2008-04-23,-0.25,2.25,0.4,-1.4,1.2,0.7,2.6,0.9,2.4,2.1,5.2,0.30000000000000004,-0.3999999999999999,0.29999999999999993,0.19999999999999996,0.10000000000000009,-0.7000000000000001,0.3999999999999999,0.10000000000000009
363,2008-06-25,2008-06-18,0.0,2.0,1.1,1.7,0.9,0.5,2.7,0.2,3.0,2.3,5.3,0.7000000000000001,3.0999999999999996,-0.29999999999999993,-0.19999999999999996,0.10000000000000009,-0.7,0.6000000000000001,0.19999999999999973
364,2008-08-05,2008-07-30,0.0,2.0,2.7,0.7,0.4,1.4,0.5,3.5,2.0,2.6,5.8,1.0000000000000002,-0.20000000000000007,-0.09999999999999998,0.0,0.3,0.5,-0.2999999999999998,0.20000000000000018
365,2008-09-16,2008-09-10,0.0,2.0,3.5,0.6,1.1,1.6,1.2,4.9,2.7,2.3,6.0,0.7999999999999998,-0.09999999999999998,0.7000000000000001,0.20000000000000018,0.7,1.4000000000000004,0.7000000000000002,-0.30000000000000027
366,2008-10-29,2008-10-22,-0.5,1.5,-1.0,-1.3,-1.4,-0.4,4.1,4.3,2.0,1.6,6.3,-1.6,-2.4000000000000004,-3.0,-2.6,-0.8000000000000007,1.5999999999999996,-0.2999999999999998,-0.6999999999999997
367,2008-12-16,2008-12-10,-0.875,1.0,-0.4,-4.7,-5.0,-1.2,4.1,2.4,2.1,1.6,6.7,0.6,-3.4000000000000004,-3.6,-0.7999999999999999,0.0,-1.9,0.10000000000000009,0.0
368,2009-01-28,2009-01-22,-0.038551865922130446,0.649730963760244,-4.9,-5.6,-1.3,1.8,1.7,1.3,2.3,1.4,7.7,-0.20000000000000018,-0.5999999999999996,-0.10000000000000009,0.8,-0.7,-0.8,0.6999999999999997,0.0
369,2009-03-18,2009-03-12,-0.1258573150183162,0.8761025161513785,-6.7,-6.5,-2.0,-0.5,0.3,3.4,0.9,1.1,8.0,-1.7999999999999998,-0.9000000000000004,-0.7,-2.3,-1.4,2.0999999999999996,-1.4,-0.2999999999999998
370,2009-04-29,2009-04-22,-0.32361670115752483,0.7502452011330623,-6.3,-1.5,0.4,1.2,3.3,0.5,1.5,1.1,9.0,0.20000000000000018,0.5,0.9,1.3,-0.10000000000000009,-0.4,0.3999999999999999,0.20000000000000007
371,2009-06-24,2009-06-17,-0.18510537568861718,0.20663905438332275,-5.5,-1.0,0.7,1.6,2.7,-0.6,1.6,1.6,9.3,0.7999999999999998,0.5,0.29999999999999993,0.40000000000000013,-0.5999999999999996,-1.1,0.10000000000000009,0.5
372,2009-08-12,2009-08-06,-0.16536511714709778,-0.11737757645586822,-1.5,0.8,1.7,2.5,0.2,0.8,1.2,1.1,9.8,-0.5,0.10000000000000009,0.09999999999999987,0.20000000000000018,0.8,-0.8,-0.40000000000000013,-0.2999999999999998
373,2009-09-23,2009-09-16,-0.12330341438866732,-0.282742693602966,-1.0,2.5,3.2,2.8,0.0,0.7,1.0,1.4,9.6,0.5,1.7,1.5000000000000002,0.2999999999999998,-0.2,-0.10000000000000009,-0.19999999999999996,0.2999999999999998
374,2009-11-14,2009-10-29,-0.1357671837289569,-0.47462961438000306,3.4,2.8,3.2,3.2,0.8,0.3,1.7,1.3,10.1,0.8999999999999999,-0.40000000000000036,0.40000000000000036,0.0,0.10000000000000009,-0.7,0.30000000000000004,0.10000000000000009
375,2009-12-16,2009-12-09,0.45641920619897824,-0.61039679810896,2.5,3.8,3.6,3.5,0.5,0.7,1.3,1.5,10.1,-0.8999999999999999,1.0,0.3999999999999999,0.2999999999999998,-0.30000000000000004,0.39999999999999997,-0.3999999999999999,0.19999999999999996
376,2010-01-27,2010-01-20,-0.29372274755846384,-0.15397759190998173,5.3,2.8,3.8,3.9,0.8,1.9,1.1,1.2,10.1,1.5,-0.8000000000000003,0.2999999999999998,0.2999999999999998,0.10000000000000009,0.5999999999999999,-0.3999999999999999,-0.10000000000000009
377,2010-03-16,2010-03-10,0.06833840570554184,-0.5446878496010621,5.6,2.2,3.6,3.5,0.4,2.0,0.8,1.2,9.7,0.2999999999999998,-0.5999999999999996,-0.19999999999999973,-0.3999999999999999,-0.4,0.10000000000000009,-0.30000000000000004,0.0
378,2010-04-28,2010-04-21,0.009853443473581969,-0.47634944389552025,2.9,3.5,3.6,3.8,1.1,1.0,1.3,1.0,9.5,0.6999999999999997,-0.10000000000000009,0.10000000000000009,0.0,-0.8999999999999999,0.19999999999999996,0.10000000000000009,0.09999999999999998
379,2010-06-23,2010-06-16,-0.059256369826960587,-0.4828318308207784,3.1,3.6,2.7,3.2,1.0,1.1,0.6,1.0,9.8,0.20000000000000018,0.10000000000000009,-0.8999999999999999,-0.5999999999999996,-0.10000000000000009,0.10000000000000009,-0.7000000000000001,0.0
380,2010-08-10,2010-08-04,-0.10886876649479582,-0.589675191488225,2.1,2.4,2.6,3.0,1.8,1.3,0.8,1.1,9.7,-1.5,-0.30000000000000027,-0.6000000000000001,-0.2999999999999998,0.7,0.7000000000000001,-0.19999999999999996,0.20000000000000007
381,2010-09-21,2010-09-15,-0.09715485390659317,-0.6985439579830208,1.7,1.7,2.4,2.5,1.9,1.9,0.4,1.2,9.6,-0.40000000000000013,-0.7,-0.20000000000000018,-0.5,0.09999999999999987,0.5999999999999999,-0.4,0.09999999999999987
382,2010-11-03,2010-10-27,0.03914391767058323,-0.9951580087825702,1.7,2.4,2.7,3.4,2.1,0.4,1.2,1.1,9.7,0.0,0.0,0.20000000000000018,0.2999999999999998,0.20000000000000018,0.0,0.0,0.10000000000000009
383,2010-12-14,2010-12-08,0.07119552888050595,-0.956014091111987,2.7,2.5,3.4,3.5,2.3,0.2,1.2,0.9,9.7,1.0000000000000002,0.10000000000000009,0.6999999999999997,0.10000000000000009,0.19999999999999973,-0.2,0.0,-0.20000000000000007
384,2011-01-26,2011-01-19,-0.1264119140859412,-0.884818562231481,3.8,3.6,3.7,3.8,0.0,2.0,1.0,1.0,9.5,1.2999999999999998,0.20000000000000018,0.20000000000000018,0.09999999999999964,-0.2,0.8,0.09999999999999998,0.19999999999999996
385,2011-03-15,2011-03-09,0.09984686594811265,-1.0913064733229128,3.2,3.2,3.8,3.9,0.4,1.6,2.4,1.0,9.0,-0.5999999999999996,-0.3999999999999999,0.09999999999999964,0.10000000000000009,0.4,-0.3999999999999999,1.4,0.0
386,2011-04-27,2011-04-20,-0.07481795670681013,-0.9914596073748001,1.7,3.1,4.1,3.8,1.9,2.9,1.2,1.2,8.9,-1.5000000000000002,-0.6999999999999997,0.19999999999999973,-0.20000000000000018,0.2999999999999998,0.5,0.19999999999999996,0.19999999999999996
387,2011-06-22,2011-06-15,0.018569461080161886,-1.1404354596970308,2.1,1.9,3.9,2.9,2.0,3.8,1.6,1.3,9.0,0.40000000000000013,-1.2000000000000002,-0.19999999999999973,-0.8999999999999999,0.10000000000000009,0.8999999999999999,0.40000000000000013,0.10000000000000009
388,2011-08-09,2011-08-03,-0.1848600716796458,-1.1922697307045933,1.4,2.9,2.4,2.4,2.3,2.1,1.2,0.7,9.2,-0.5,-1.0,-0.5,-0.7000000000000002,-1.5,0.5,-0.10000000000000009,-0.9000000000000001
389,2011-09-21,2011-09-14,-0.02532832141584418,-1.377129802384239,1.2,2.5,2.0,2.2,2.4,2.8,1.8,0.7,9.1,-0.19999999999999996,-0.3999999999999999,-0.3999999999999999,-0.19999999999999973,0.10000000000000009,0.6999999999999997,0.6000000000000001,0.0
390,2011-11-02,2011-10-26,-0.04629073150843421,-1.4372478896970406,2.7,2.5,2.4,2.5,2.5,1.4,1.1,2.4,9.1,0.20000000000000018,0.5,0.19999999999999973,0.20000000000000018,-0.2999999999999998,-0.40000000000000013,0.40000000000000013,0.2999999999999998
391,2011-12-13,2011-12-07,0.017100626396603147,-1.4835386212054749,1.9,3.2,2.1,1.9,2.5,1.0,1.7,1.6,8.8,-0.8000000000000003,0.7000000000000002,-0.2999999999999998,-0.6000000000000001,0.0,-0.3999999999999999,0.5999999999999999,-0.7999999999999998
392,2012-01-25,2012-01-18,-0.07334796688379752,-1.4664379948088717,2.9,1.6,1.8,2.3,0.9,1.7,1.7,1.5,8.7,-0.30000000000000027,-0.5,-0.09999999999999987,-0.20000000000000018,-0.09999999999999998,0.0,0.09999999999999987,-0.10000000000000009
393,2012-03-13,2012-03-07,0.1855975892780033,-1.4516871687169592,3.1,1.8,2.2,2.6,0.9,1.5,2.0,1.5,8.4,0.20000000000000018,0.19999999999999996,0.40000000000000013,0.30000000000000027,0.0,-0.19999999999999996,0.30000000000000004,0.0
394,2012-04-25,2012-04-18,0.0040699129760009,-1.266089579438956,2.5,2.1,2.5,2.9,2.0,1.4,1.8,1.5,8.2,0.7,-0.10000000000000009,-0.10000000000000009,0.0,0.5,-0.6000000000000001,0.30000000000000004,0.10000000000000009
395,2012-06-20,2012-06-13,0.1261583516976399,-1.2372252864958613,2.2,1.5,1.9,1.9,1.7,1.3,2.2,1.6,8.2,-0.2999999999999998,-0.6000000000000001,-0.6000000000000001,-1.0,-0.30000000000000004,-0.09999999999999987,0.40000000000000013,0.10000000000000009
396,2012-08-01,2012-07-25,-0.07989494834341948,-1.1787741265102278,1.0,1.5,1.8,1.6,0.8,2.2,1.9,1.6,8.3,-0.5,-0.3999999999999999,-0.09999999999999987,-0.09999999999999987,-0.5,0.0,0.2999999999999998,0.0
397,2012-09-13,2012-09-05,-0.10179518201930038,-1.2586690748536473,1.7,1.3,1.7,2.0,1.6,2.9,1.4,1.4,8.3,0.7,-0.19999999999999996,-0.10000000000000009,0.3999999999999999,0.8,0.6999999999999997,-0.5,-0.20000000000000018
398,2012-10-24,2012-10-17,0.021489115979570705,-1.3604642568729477,2.0,2.0,1.8,2.5,3.0,2.1,1.0,1.4,8.0,0.7,0.30000000000000004,-0.19999999999999996,0.20000000000000018,0.10000000000000009,0.7000000000000002,-0.3999999999999999,-0.10000000000000009
399,2012-12-12,2012-12-05,-0.007054455852077979,-1.4228463449032516,2.8,0.9,1.7,2.5,2.7,1.7,1.4,1.4,8.0,0.7999999999999998,-1.1,-0.10000000000000009,0.0,-0.2999999999999998,-0.40000000000000013,0.3999999999999999,0.0
400,2013-01-30,2013-01-23,0.07227232829057151,-1.4299008007553295,0.1,2.7,2.4,2.7,1.2,1.0,1.8,1.4,7.8,-0.8,1.0000000000000002,-0.10000000000000009,-0.09999999999999964,-0.5,-0.3999999999999999,0.40000000000000013,0.0
401,2013-03-20,2013-03-13,-0.018110770581692748,-1.4224785555072974,0.6,2.8,1.8,2.7,0.9,1.4,1.5,1.5,7.8,0.5,0.09999999999999964,-0.5999999999999999,0.0,-0.29999999999999993,0.3999999999999999,-0.30000000000000004,0.10000000000000009
402,2013-05-01,2013-04-24,0.2546552007450833,-1.5236752853198703,3.1,1.5,2.4,3.2,1.3,0.7,1.7,1.7,7.6,0.30000000000000027,-0.30000000000000004,-0.30000000000000027,0.20000000000000018,-0.09999999999999987,-0.8,0.19999999999999996,0.30000000000000004
403,2013-06-19,2013-06-12,0.2994998662190822,-1.269020084574787,2.2,1.8,2.5,3.3,1.2,0.2,1.3,1.5,7.5,-0.8999999999999999,0.30000000000000004,0.10000000000000009,0.09999999999999964,-0.10000000000000009,-0.49999999999999994,-0.3999999999999999,-0.19999999999999996
404,2013-07-31,2013-07-24,-0.552751113545455,-0.9695202183557048,1.1,2.3,3.3,3.2,0.0,2.0,1.1,1.6,7.5,-0.7,-0.20000000000000018,0.0,0.0,-0.2,0.7,-0.3999999999999999,0.0
405,2013-09-18,2013-09-11,-0.13594327863116273,-1.6664045260804965,2.9,2.2,2.7,2.7,0.8,1.9,1.3,1.4,7.3,1.7999999999999998,-0.09999999999999964,-0.5999999999999996,-0.5,0.8,-0.10000000000000009,0.19999999999999996,-0.20000000000000018
406,2013-10-30,2013-10-23,-0.04975696900445836,-1.8023478047116592,2.2,2.1,3.2,3.0,2.0,1.2,1.2,1.5,7.3,0.0,-0.6000000000000001,0.5,0.0,0.10000000000000009,-0.10000000000000009,-0.19999999999999996,0.0
407,2013-12-18,2013-12-12,-0.13429391719383954,-1.9989411095027902,3.5,1.7,2.8,2.9,2.0,1.1,1.4,1.5,7.1,1.2999999999999998,-0.40000000000000013,-0.40000000000000036,-0.10000000000000009,0.0,-0.09999999999999987,0.19999999999999996,0.0
408,2014-01-29,2014-01-23,-0.24288825176870965,-2.13323502669663,3.5,2.4,3.1,3.3,1.5,1.2,1.8,1.7,6.7,1.8,-0.3999999999999999,0.20000000000000018,0.09999999999999964,0.3999999999999999,-0.19999999999999996,0.30000000000000004,0.19999999999999996
409,2014-03-19,2014-03-12,-0.08210187671467128,-2.542285010349234,2.2,1.5,3.5,3.2,1.7,1.5,1.5,1.8,6.6,-1.2999999999999998,-0.8999999999999999,0.3999999999999999,-0.09999999999999964,0.19999999999999996,0.30000000000000004,-0.30000000000000004,0.10000000000000009
410,2014-04-30,2014-04-23,-0.26739893442088203,-2.6243868870639053,0.7,3.5,3.4,3.6,1.7,1.6,1.8,1.8,6.6,-0.8,0.0,0.19999999999999973,0.10000000000000009,0.19999999999999996,0.10000000000000009,0.0,0.10000000000000009
411,2014-06-18,2014-06-11,0.09706114600588656,-2.9856426857299105,-1.5,4.2,3.5,3.5,1.3,1.7,1.6,1.5,6.3,-2.2,0.7000000000000002,0.10000000000000009,-0.10000000000000009,-0.3999999999999999,0.09999999999999987,-0.19999999999999996,-0.30000000000000004
412,2014-07-30,2014-07-23,0.05188414871703184,-2.888581539724024,3.5,3.6,3.3,3.3,1.8,1.8,1.7,1.9,6.0,-0.7000000000000002,0.10000000000000009,-0.20000000000000018,0.0,0.10000000000000009,0.19999999999999996,0.19999999999999996,0.09999999999999987
413,2014-09-17,2014-09-10,0.08742271866525098,-2.8925616297055843,4.4,2.8,3.0,2.5,2.1,1.6,1.6,1.9,6.1,0.9000000000000004,-0.8000000000000003,-0.2999999999999998,-0.7999999999999998,0.30000000000000004,-0.19999999999999996,-0.09999999999999987,0.0
414,2014-10-29,2014-10-22,0.003429439692766767,-2.8051389110403333,2.7,3.0,2.3,2.3,1.4,1.2,1.6,1.7,5.8,-0.09999999999999964,0.0,-0.20000000000000018,-0.30000000000000027,-0.20000000000000018,-0.40000000000000013,-0.2999999999999998,0.0
415,2014-12-17,2014-12-10,0.34759639113258967,-2.768344319148659,4.1,2.2,2.4,2.4,1.4,1.3,1.2,1.6,5.7,1.3999999999999995,-0.7999999999999998,0.10000000000000009,0.10000000000000009,0.0,0.10000000000000009,-0.40000000000000013,-0.09999999999999987
416,2015-01-28,2015-01-21,0.15199291986380326,-2.4207479280160693,2.6,2.8,2.7,2.8,0.6,0.6,1.4,1.8,5.4,0.3999999999999999,0.3999999999999999,0.30000000000000027,0.19999999999999973,-0.7000000000000001,-0.6,-0.20000000000000018,0.10000000000000009
417,2015-03-18,2015-03-11,0.1652027138614256,-1.9736477891460016,2.1,1.7,2.6,2.3,0.1,-0.1,2.2,1.6,5.5,-0.5,-1.0999999999999999,-0.10000000000000009,-0.5,-0.5,-0.7,0.8000000000000003,-0.19999999999999996
418,2015-04-29,2015-04-22,0.21349191476873997,-1.808445075284576,0.1,2.4,2.4,2.4,0.3,2.2,1.3,1.7,5.4,-1.5999999999999999,-0.20000000000000018,0.10000000000000009,0.0,0.4,0.0,-0.30000000000000004,0.0
419,2015-06-17,2015-06-10,0.03160911987276349,-1.4336371140132338,-0.5,2.5,1.9,2.3,-0.1,2.5,1.1,1.2,5.5,-0.6,0.10000000000000009,-0.5,-0.10000000000000009,-0.4,0.2999999999999998,-0.19999999999999996,-0.5
420,2015-07-29,2015-07-22,0.11380848778009645,-1.4020279941404703,2.4,1.7,2.3,2.3,2.3,1.7,0.4,1.8,5.3,-0.10000000000000009,-0.19999999999999996,0.0,0.0,-0.20000000000000018,0.5999999999999999,-0.7999999999999999,-0.09999999999999987
421,2015-09-17,2015-09-09,0.17853883086438815,-0.9206174261601865,3.7,1.9,1.9,2.1,2.1,1.9,0.0,1.7,5.2,1.3000000000000003,0.19999999999999996,-0.3999999999999999,-0.19999999999999973,-0.19999999999999973,0.19999999999999996,-0.4,-0.10000000000000009
422,2015-10-28,2015-10-21,0.209673529568006,-0.7420785952957983,1.4,2.1,2.0,2.5,1.6,0.9,0.8,1.7,5.0,-0.5,0.20000000000000018,-0.10000000000000009,0.6000000000000001,-0.2999999999999998,0.9,-0.8999999999999999,0.0
423,2015-12-16,2015-12-09,0.26234358322274276,-0.004999649820731977,2.1,1.7,2.1,2.6,1.3,0.8,0.4,1.5,5.0,0.7000000000000002,-0.40000000000000013,0.10000000000000009,0.10000000000000009,-0.30000000000000004,-0.09999999999999998,-0.4,-0.19999999999999996
424,2016-01-27,2016-01-20,0.0,0.375,0.4,2.1,2.4,2.7,0.8,-0.1,0.6,1.6,4.9,-1.2999999999999998,0.0,-0.20000000000000018,0.0,0.0,-0.5,-0.9,-0.09999999999999987
425,2016-03-16,2016-03-09,0.0,0.375,1.2,1.9,2.0,2.4,0.9,0.5,0.8,1.4,4.9,0.7999999999999999,-0.20000000000000018,-0.3999999999999999,-0.30000000000000027,0.09999999999999998,0.6,0.20000000000000007,-0.20000000000000018
426,2016-04-27,2016-04-20,0.0,0.375,0.4,2.2,2.5,2.8,0.5,0.7,0.8,1.4,4.9,-1.5,0.20000000000000018,0.10000000000000009,0.3999999999999999,0.0,-0.10000000000000009,-0.5999999999999999,0.0
427,2016-06-15,2016-06-08,0.0,0.375,1.2,1.9,2.1,2.4,0.6,1.5,0.9,1.4,4.8,0.7999999999999999,-0.30000000000000027,-0.3999999999999999,-0.3999999999999999,0.09999999999999998,0.8,0.09999999999999998,0.0
428,2016-07-27,2016-07-20,0.0,0.375,1.8,1.9,2.1,2.1,1.7,0.9,1.6,2.0,4.9,-0.09999999999999987,-0.20000000000000018,-0.2999999999999998,0.20000000000000018,0.19999999999999996,0.0,0.20000000000000018,0.10000000000000009
429,2016-09-21,2016-09-14,0.0,0.375,1.4,2.7,2.4,2.3,2.3,1.2,1.4,1.9,4.9,-0.40000000000000013,0.8000000000000003,0.2999999999999998,0.19999999999999973,0.5999999999999999,0.29999999999999993,-0.20000000000000018,-0.10000000000000009
430,2016-11-02,2016-10-26,0.0,0.375,2.5,2.1,2.2,2.2,1.3,2.2,1.8,1.8,4.9,-0.20000000000000018,-0.2999999999999998,-0.09999999999999964,-0.09999999999999964,0.10000000000000009,0.8000000000000003,-0.09999999999999987,0.0
431,2016-12-14,2016-12-07,0.25,0.375,3.3,1.6,2.4,1.7,1.4,2.6,2.0,2.0,4.8,0.7999999999999998,-0.5,0.19999999999999973,-0.5000000000000002,0.09999999999999987,0.3999999999999999,0.19999999999999996,0.19999999999999996
432,2017-02-01,2017-01-23,0.0,0.625,2.0,2.0,1.7,2.5,2.5,2.4,1.7,1.7,4.7,0.3999999999999999,-0.3999999999999999,0.0,-0.10000000000000009,-0.10000000000000009,0.3999999999999999,-0.30000000000000004,-0.10000000000000009
433,2017-03-15,2017-03-03,0.25,0.625,1.9,1.4,2.1,2.1,2.0,2.8,1.6,1.7,4.7,-0.10000000000000009,-0.6000000000000001,0.40000000000000013,-0.3999999999999999,-0.5,0.3999999999999999,-0.09999999999999987,0.0
434,2017-05-03,2017-04-21,0.0,0.875,0.9,2.6,2.2,2.6,2.4,1.3,1.8,1.8,4.5,-0.4999999999999999,0.5,0.10000000000000009,0.30000000000000027,-0.3999999999999999,-0.30000000000000004,0.10000000000000009,0.10000000000000009
435,2017-06-14,2017-06-05,0.25,0.875,1.2,2.6,2.7,3.1,2.2,0.8,1.7,1.8,4.3,0.29999999999999993,0.0,0.5,0.5,-0.19999999999999973,-0.5,-0.10000000000000009,0.0
436,2017-07-26,2017-07-14,0.0,1.125,2.5,2.7,2.7,2.6,0.5,1.4,1.6,2.2,4.3,-0.10000000000000009,0.0,-0.3999999999999999,0.0,-0.30000000000000004,-0.30000000000000004,-0.19999999999999996,0.10000000000000009
437,2017-09-20,2017-09-08,0.0,1.125,3.3,2.3,3.6,2.5,1.0,1.7,1.5,1.9,4.4,0.7999999999999998,-0.40000000000000036,0.8999999999999999,-0.10000000000000009,0.5,0.30000000000000004,-0.10000000000000009,-0.30000000000000027
438,2017-11-01,2017-10-20,0.0,1.125,2.9,3.2,2.5,2.4,1.8,1.9,1.9,2.0,4.2,0.6000000000000001,-0.3999999999999999,0.0,0.10000000000000009,0.10000000000000009,0.3999999999999999,0.0,-0.20000000000000018
439,2017-12-13,2017-12-01,0.25,1.125,3.3,2.2,2.7,2.4,2.1,2.6,1.7,1.9,4.1,0.3999999999999999,-1.0,0.20000000000000018,0.0,0.30000000000000004,0.7000000000000002,-0.19999999999999996,-0.10000000000000009
440,2018-01-31,2018-01-19,0.0,1.375,3.5,2.7,3.2,3.0,2.4,2.0,1.7,1.9,3.9,1.2999999999999998,0.0,0.8000000000000003,0.7000000000000002,-0.20000000000000018,0.30000000000000004,-0.19999999999999996,0.0
441,2018-03-21,2018-03-09,0.25,1.375,2.9,2.1,3.1,3.3,2.3,2.3,1.7,1.9,4.1,-0.6000000000000001,-0.6000000000000001,-0.10000000000000009,0.2999999999999998,-0.10000000000000009,0.2999999999999998,0.0,0.0
442,2018-05-02,2018-04-20,0.0,1.625,1.7,2.9,3.0,2.9,2.7,1.8,1.8,1.8,4.0,-0.40000000000000013,-0.20000000000000018,-0.2999999999999998,-0.30000000000000027,0.40000000000000036,0.10000000000000009,-0.09999999999999987,0.0
443,2018-06-13,2018-06-01,0.25,1.625,2.2,3.4,2.7,2.8,1.9,2.3,2.1,1.8,3.8,0.5000000000000002,0.5,-0.2999999999999998,-0.10000000000000009,-0.8000000000000003,0.4999999999999998,0.30000000000000004,0.0
444,2018-08-01,2018-07-20,0.0,1.875,4.8,2.5,2.5,2.6,2.5,1.7,1.9,2.0,3.8,1.4,-0.20000000000000018,-0.2999999999999998,-0.10000000000000009,0.20000000000000018,-0.40000000000000013,0.09999999999999987,0.10000000000000009
445,2018-09-26,2018-09-14,0.25,1.875,4.7,3.0,2.5,2.7,3.0,1.6,1.8,2.0,3.8,-0.09999999999999964,0.5,0.0,0.10000000000000009,0.5,-0.09999999999999987,-0.09999999999999987,0.0
446,2018-11-08,2018-10-26,0.0,2.125,2.9,2.6,2.6,2.4,1.9,2.0,2.1,2.4,3.6,-0.10000000000000009,0.10000000000000009,-0.10000000000000009,-0.20000000000000018,0.2999999999999998,0.19999999999999996,0.10000000000000009,0.0
447,2018-12-19,2018-12-07,0.25,2.125,3.5,2.3,2.6,2.4,1.7,1.8,2.0,2.2,3.7,0.6000000000000001,-0.30000000000000027,0.0,0.0,-0.19999999999999996,-0.19999999999999996,-0.10000000000000009,-0.19999999999999973
448,2019-01-30,2019-01-18,0.0,2.375,2.8,2.3,2.6,1.9,1.8,1.6,2.0,2.1,3.7,0.5,-0.30000000000000027,0.20000000000000018,-0.3999999999999999,0.0,-0.3999999999999999,-0.20000000000000018,0.0
449,2019-03-20,2019-03-08,0.0,2.375,2.6,1.0,2.6,1.9,1.8,1.8,2.0,2.1,3.9,-0.19999999999999973,-1.2999999999999998,0.0,0.0,0.0,0.19999999999999996,0.0,0.0
450,2019-05-01,2019-04-19,0.0,2.375,2.1,2.0,2.2,2.3,1.3,2.0,1.9,1.9,3.7,1.1,-0.6000000000000001,0.30000000000000027,0.4999999999999998,-0.5,0.0,-0.20000000000000018,0.0
451,2019-06-19,2019-06-07,0.0,2.375,3.0,1.8,1.7,1.7,0.8,1.8,1.8,2.1,3.6,0.8999999999999999,-0.19999999999999996,-0.5000000000000002,-0.5999999999999999,-0.5,-0.19999999999999996,-0.09999999999999987,0.20000000000000018
452,2019-07-31,2019-07-19,-0.25,2.375,2.5,1.6,1.8,2.1,2.2,2.3,1.8,1.9,3.7,0.7,-0.09999999999999987,0.10000000000000009,0.0,0.40000000000000013,0.4999999999999998,-0.30000000000000004,0.0
453,2019-09-18,2019-09-06,-0.25,2.125,1.9,1.7,1.8,2.1,2.4,2.4,1.8,1.8,3.7,-0.6000000000000001,0.09999999999999987,0.0,0.0,0.19999999999999973,0.10000000000000009,0.0,-0.09999999999999987
454,2019-10-30,2019-10-18,-0.25,1.875,1.7,1.6,2.2,2.0,2.1,1.7,1.5,2.0,3.6,0.0,-0.19999999999999996,0.10000000000000009,0.0,-0.2999999999999998,-0.10000000000000009,-0.30000000000000004,-0.10000000000000009
455,2019-12-11,2019-11-26,0.0,1.625,2.1,1.3,2.3,2.1,1.7,1.5,1.4,2.1,3.6,0.40000000000000013,-0.30000000000000004,0.09999999999999964,0.10000000000000009,-0.40000000000000013,-0.19999999999999996,-0.10000000000000009,0.10000000000000009
456,2020-01-29,2020-01-17,0.0,1.625,2.0,2.0,2.6,2.3,1.6,1.5,1.7,2.0,3.5,0.7,-0.2999999999999998,0.5,0.2999999999999998,0.10000000000000009,0.10000000000000009,-0.40000000000000013,0.10000000000000009
457,2020-03-15,2020-03-06,-1.5,1.625,2.1,1.4,1.3,3.0,1.3,1.3,1.1,2.0,3.5,0.10000000000000009,-0.6000000000000001,-1.3,0.7000000000000002,-0.30000000000000004,-0.19999999999999996,-0.5999999999999999,0.0
458,2020-04-29,2020-04-17,0.0,0.125,-5.9,-37.4,28.9,10.4,1.5,0.2,1.6,1.6,16.0,-7.300000000000001,-38.699999999999996,25.9,7.6000000000000005,0.19999999999999996,-0.9000000000000001,-0.3999999999999999,-0.3999999999999999
459,2020-06-10,2020-05-29,0.0,0.125,-5.0,-41.0,24.1,7.0,1.4,-0.8,1.3,1.8,14.8,0.9000000000000004,-3.6000000000000014,-4.799999999999997,-3.4000000000000004,-0.10000000000000009,-1.0,-0.30000000000000004,0.19999999999999996
460,2020-07-29,2020-07-17,0.0,0.125,-33.2,15.2,8.7,7.2,-0.9,1.9,1.6,1.8,10.3,7.799999999999997,-8.900000000000002,1.6999999999999993,0.2999999999999998,-0.09999999999999998,0.5999999999999999,-0.19999999999999996,0.19999999999999996
461,2020-09-16,2020-09-04,0.0,0.125,-31.8,29.7,4.5,1.6,-2.0,2.4,1.3,1.9,8.9,1.4000000000000021,14.5,-4.199999999999999,-5.6,-1.1,0.5,-0.30000000000000004,0.09999999999999987
462,2020-11-05,2020-10-23,0.0,0.125,31.9,3.9,1.4,1.0,2.9,1.5,1.6,1.9,7.2,2.1999999999999993,-0.6000000000000001,-0.20000000000000018,-1.7999999999999998,0.5,0.19999999999999996,-0.2999999999999998,0.0
463,2020-12-16,2020-12-04,0.0,0.125,33.0,5.0,-0.3,3.4,3.6,1.8,1.7,2.0,6.7,1.1000000000000014,1.1,-1.7,2.4,0.7000000000000002,0.30000000000000004,0.09999999999999987,0.10000000000000009
